X (m),Y (m)
2.94051421,-29.8555418
8.708540318,-28.70821007
14.1419021,-26.45763793
19.03179852,-23.1903136
23.1903136,-19.03179852
26.45763793,-14.1419021
28.70821007,-8.708540318
29.8555418,-2.94051421
29.8555418,2.94051421
28.70821007,8.708540318
26.45763793,14.1419021
23.1903136,19.03179852
19.03179852,23.1903136
14.1419021,26.45763793
8.708540318,28.70821007
2.94051421,29.8555418
-2.94051421,29.8555418
-8.708540318,28.70821007
-14.1419021,26.45763793
-19.03179852,2.32E+01
-23.1903136,19.03179852
-26.45763793,14.1419021
-28.70821007,8.708540318
-29.8555418,2.94051421
-29.8555418,-2.94051421
-28.70821007,-8.708540318
-2.65E+01,-14.1419021
-23.1903136,-19.03179852
-19.03179852,-23.1903136
-14.1419021,-26.45763793
-8.708540318,-28.70821007
-2.94051421,-29.8555418
2.14E-15,-35.01461863
6.831013224,-34.34182255
13.39951444,-32.34928949
19.45307983,-29.11359138
24.75907427,-24.75907427
29.11359138,-19.45307983
32.34928949,-13.39951444
3.43E+01,-6.831013224
35.01461863,0
34.34182255,6.831013224
32.34928949,13.39951444
29.11359138,19.45307983
24.75907427,24.75907427
19.45307983,29.11359138
13.39951444,32.34928949
6.831013224,34.34182255
2.14E-15,35.01461863
-6.831013224,34.34182255
-13.39951444,32.34928949
-19.45307983,29.11359138
-24.75907427,24.75907427
-29.11359138,19.45307983
-32.34928949,13.39951444
-34.34182255,6.831013224
-35.01461863,4.29E-15
-34.34182255,-6.831013224
-32.34928949,-13.39951444
-29.11359138,-19.45307983
-24.75907427,-24.75907427
-19.45307983,-29.11359138
-13.39951444,-32.34928949
-6.831013224,-34.34182255
3.946577684,-40.07027567
11.68806829,-38.53039745
18.98039298,-35.50981766
25.54331181,-31.1246155
31.1246155,-25.54331181
35.50981766,-18.98039298
38.53039745,-11.68806829
40.07027567,-3.95E+00
40.07027567,3.946577684
38.53039745,11.68806829
35.50981766,18.98039298
31.1246155,25.54331181
25.54331181,31.1246155
18.98039298,35.50981766
1.17E+01,38.53039745
3.946577684,40.07027567
-3.946577684,40.07027567
-11.68806829,38.53039745
-18.98039298,35.50981766
-25.54331181,31.1246155
-31.1246155,25.54331181
-35.50981766,18.98039298
-38.53039745,11.68806829
-40.07027567,3.946577684
-40.07027567,-3.946577684
-38.53039745,-11.68806829
-35.50981766,-18.98039298
-31.1246155,-25.54331181
-25.54331181,-31.1246155
-18.98039298,-35.50981766
-11.68806829,-38.53039745
-3.946577684,-40.07027567
3.014764469,-45.99641733
8.99270995,-45.20940588
14.81678767,-43.64884895
20.38734605,-41.34144812
25.60907128,-38.32668366
30.3926182,-34.656139
34.656139,-30.3926182
38.32668366,-25.60907128
41.34144812,-20.38734605
43.64884895,-14.81678767
45.20940588,-8.99270995
45.99641733,-3.014764469
45.99641733,3.014764469
45.20940588,8.99270995
43.64884895,14.81678767
41.34144812,20.38734605
38.32668366,25.60907128
34.656139,30.3926182
30.3926182,34.656139
25.60907128,38.32668366
20.38734605,41.34144812
14.81678767,43.64884895
8.99270995,45.20940588
3.014764469,45.99641733
-3.014764469,45.99641733
-8.99270995,45.20940588
-14.81678767,43.64884895
-20.38734605,41.34144812
-25.60907128,38.32668366
-30.3926182,34.656139
-34.656139,30.3926182
-38.32668366,25.60907128
-41.34144812,20.38734605
-43.64884895,14.81678767
-45.20940588,8.99270995
-45.99641733,3.014764469
-45.99641733,-3.014764469
-45.20940588,-8.99270995
-43.64884895,-14.81678767
-41.34144812,-20.38734605
-3.83E+01,-25.60907128
-34.656139,-30.3926182
-30.3926182,-34.656139
-25.60907128,-38.32668366
-20.38734605,-41.34144812
-14.81678767,-43.64884895
-8.99270995,-45.20940588
-3.014764469,-45.99641733
-8.77E-14,-51.12752358
6.673480971,-50.69012053
13.23277683,-49.38539546
19.56565621,-47.23567259
25.56376179,-44.27773425
31.12446432,-40.56219161
36.15261863,-36.15261863
40.56219161,-31.12446432
44.27773425,-25.56376179
47.23567259,-19.56565621
49.38539546,-13.23277683
50.69012053,-6.673480971
5.11E+01,-4.54E-14
50.69012053,6.673480971
49.38539546,13.23277683
47.23567259,19.56565621
44.27773425,25.56376179
40.56219161,31.12446432
36.15261863,36.15261863
31.12446432,40.56219161
25.56376179,44.27773425
19.56565621,47.23567259
13.23277683,49.38539546
6.673480971,50.69012053
3.13E-15,51.12752358
-6.673480971,50.69012053
-13.23277683,49.38539546
-19.56565621,47.23567259
-25.56376179,44.27773425
-31.12446432,40.56219161
-36.15261863,36.15261863
-40.56219161,31.12446432
-44.27773425,25.56376179
-47.23567259,19.56565621
-49.38539546,13.23277683
-50.69012053,6.673480971
-51.12752358,-3.91E-14
-50.69012053,-6.673480971
-49.38539546,-13.23277683
-47.23567259,-19.56565621
-44.27773425,-25.56376179
-40.56219161,-31.12446432
-36.15261863,-36.15261863
-31.12446432,-40.56219161
-25.56376179,-44.27773425
-19.56565621,-47.23567259
-13.23277683,-49.38539546
-6.673480971,-50.69012053
8.14E-14,-51.12752358
3.690008013,-56.29864299
11.00688698,-55.3353576
1.81E+01,-53.4252689
24.95368082,-50.60105903
31.34496217,-46.91105102
37.19992254,-42.41838192
42.41838192,-37.19992254
46.91105102,-31.34496217
50.60105903,-24.95368082
53.4252689,-18.13543506
55.3353576,-11.00688698
56.29864299,-3.690008013
56.29864299,3.690008013
55.3353576,11.00688698
53.4252689,18.13543506
50.60105903,24.95368082
46.91105102,31.34496217
42.41838192,37.19992254
37.19992254,42.41838192
31.34496217,46.91105102
24.95368082,50.60105903
18.13543506,53.4252689
11.00688698,55.3353576
3.690008013,56.29864299
-3.690008013,56.29864299
-11.00688698,55.3353576
-18.13543506,53.4252689
-24.95368082,50.60105903
-31.34496217,46.91105102
-37.19992254,42.41838192
-42.41838192,37.19992254
-46.91105102,31.34496217
-50.60105903,24.95368082
-53.4252689,18.13543506
-55.3353576,11.00688698
-56.29864299,3.690008013
-56.29864299,-3.690008013
-55.3353576,-11.00688698
-53.4252689,-18.13543506
-50.60105903,-24.95368082
-46.91105102,-31.34496217
-42.41838192,-37.19992254
-37.19992254,-42.41838192
-31.34496217,-46.91105102
-24.95368082,-50.60105903
-18.13543506,-53.4252689
-11.00688698,-55.3353576
-3.690008013,-56.29864299
-1.06E-13,-61.99805657
8.092370249,-61.4676546
16.0462778,-59.88552402
23.72562909,-57.27873552
30.99902828,-53.69189197
37.74202551,-49.18636527
43.83924622,-43.83924622
49.18636527,-37.74202551
53.69189197,-30.99902828
57.27873552,-23.72562909
59.88552402,-16.0462778
61.4676546,-8.092370249
61.99805657,-5.51E-14
61.4676546,8.092370249
59.88552402,16.0462778
57.27873552,23.72562909
53.69189197,30.99902828
49.18636527,37.74202551
43.83924622,43.83924622
37.74202551,49.18636527
30.99902828,53.69189197
23.72562909,57.27873552
16.0462778,59.88552402
8.092370249,61.4676546
3.80E-15,61.99805657
-8.092370249,61.4676546
-16.0462778,59.88552402
-23.72562909,57.27873552
-30.99902828,53.69189197
-37.74202551,49.18636527
-43.83924622,43.83924622
-49.18636527,37.74202551
-53.69189197,30.99902828
-57.27873552,23.72562909
-59.88552402,16.0462778
-61.4676546,8.092370249
-61.99805657,-4.75E-14
-61.4676546,-8.092370249
-59.88552402,-16.0462778
-57.27873552,-23.72562909
-53.69189197,-30.99902828
-49.18636527,-37.74202551
-4.38E+01,-43.83924622
-37.74202551,-49.18636527
-30.99902828,-53.69189197
-23.72562909,-57.27873552
-16.0462778,-59.88552402
-8.092370249,-61.4676546
9.87E-14,-61.99805657
6.44E-14,-67.82900846
5.994734863,-67.56358148
11.9425528,-66.76937787
17.79690406,-65.45261335
23.51197043,-63.62359339
29.04302374,-61.29663254
34.34677602,-58.48994244
39.3817182,-55.22548923
44.10844505,-51.52882169
48.4899635,-47.42887125
52.49198225,-42.9577256
56.08318007,-38.15037749
59.23545096,-33.04445096
61.92412413,-27.67990679
64.12815707,-22.09872982
65.83030024,-16.34460033
67.01723204,-10.46255218
67.67966315,-4.498620373
67.81240912,1.500519237
67.41443105,7.487915249
66.48884366,13.41670817
65.04289091,19.24049716
63.08788935,24.91370318
6.06E+01,30.39192568
57.71580621,35.63229016
54.34076846,40.59378366
50.54044052,45.23757576
46.34456511,49.5273225
41.78598063,53.42945079
36.90036421,56.91342118
31.7259524,59.95196688
26.303242,62.52130716
20.67467307,64.60133344
14.88429679,66.1757667
8.977430701,67.23228486
3.000304049,67.76261923
-3.000304049,67.76261923
-8.977430701,67.23228486
-14.88429679,66.1757667
-20.67467307,64.60133344
-26.303242,62.52130716
-31.7259524,59.95196688
-36.90036421,56.91342118
-41.78598063,53.42945079
-46.34456511,49.5273225
-50.54044052,45.23757576
-54.34076846,40.59378366
-57.71580621,35.63229016
-60.63913952,30.39192568
-63.08788935,24.91370318
-65.04289091,19.24049716
-66.48884366,13.41670817
-67.41443105,7.487915249
-67.81240912,1.500519237
-67.67966315,-4.498620373
-67.01723204,-10.46255218
-65.83030024,-16.34460033
-64.12815707,-22.09872982
-61.92412413,-27.67990679
-59.23545096,-33.04445096
-56.08318007,-38.15037749
-52.49198225,-42.9577256
-48.4899635,-47.42887125
-44.10844505,-51.52882169
-39.3817182,-55.22548923
-34.34677602,-58.48994244
-29.04302374,-61.29663254
-23.51197043,-63.62359339
-17.79690406,-65.45261335
-11.9425528,-66.76937787
-5.994734863,-67.56358148
3.223946327,-72.81363615
9.646607231,-72.24377072
15.99377035,-71.10849984
22.21576054,-69.41670853
28.26388227,-67.18163736
34.09080081,-64.42077878
39.65091261,-61.15574027
44.90070225,-57.41207518
49.79908303,-53.21908275
54.30771845,-48.60957884
58.39132235,-43.61963907
62.01793498,-38.28831649
65.15917318,-32.65733591
67.79045251,-26.77076741
69.89117963,-20.67468135
71.44491351,-14.41678787
72.43949407,-8.046063489
72.86713738,-1.612367748
72.72449653,4.833946957
72.0126879,11.24242947
70.73728235,17.56292474
68.90826165,23.7459663
66.53994038,29.74316348
63.65085385,35.50758008
60.26361309,40.99410172
56.40472785,46.15978894
52.10439914,50.96421322
47.39628287,55.36977343
42.31722641,59.34199009
36.90698028,62.84977522
31.20788699,65.86567565
25.26454968,68.36608786
19.123483,70.33144273
12.83274915,71.74635871
6.441581628,72.59976216
4.46E-15,72.88497403
-6.441581628,72.59976216
-12.83274915,71.74635871
-19.123483,70.33144273
-25.26454968,68.36608786
-3.12E+01,65.86567565
-36.90698028,62.84977522
-42.31722641,59.34199009
-47.39628287,55.36977343
-52.10439914,50.96421322
-56.40472785,46.15978894
-60.26361309,40.99410172
-63.65085385,35.50758008
-66.53994038,29.74316348
-68.90826165,23.7459663
-70.73728235,17.56292474
-72.0126879,11.24242947
-72.72449653,4.833946957
-72.86713738,-1.612367748
-72.43949407,-8.046063489
-71.44491351,-14.41678787
-69.89117963,-20.67468135
-67.79045251,-26.77076741
-65.15917318,-32.65733591
-62.01793498,-38.28831649
-58.39132235,-43.61963907
-54.30771845,-48.60957884
-49.79908303,-53.21908275
-44.90070225,-57.41207518
-39.65091261,-61.15574027
-34.09080081,-64.42077878
-28.26388227,-67.18163736
-22.21576054,-69.41670853
-15.99377035,-71.10849984
-9.646607231,-72.24377072
-3.223946327,-72.81363615
7.42E-14,-78.18817966
6.910279497,-77.8822154
13.76647669,-76.96671721
20.51493253,-75.4488501
27.10283121,-73.34049345
33.4786135,-70.65814799
39.59238023,-67.42280672
45.39628292,-63.65979057
50.84489813,-59.39855026
55.89558308,-54.67243574
60.50880931,-49.5184353
64.64847207,-43.97688595
68.28217287,-38.09115785
71.3814731,-31.90731479
73.92211651,-25.47375373
75.88421914,-18.84082601
77.25242486,-12.06044328
78.01602561,-5.185671233
78.16904519,1.729685725
77.710286,8.631505547
76.64333846,15.46577214
74.97655288,22.17899809
72.72297412,28.71864331
69.90023949,35.03352621
66.5304407,41.07422426
62.63995101,46.79346082
58.25921878,52.14647511
53.42252916,57.09137252
48.16773583,61.58945254
42.53596465,65.60551158
36.57129188,69.10811855
30.32039916,72.06986078
23.83220821,74.46755865
17.15749791,76.28244689
10.34850694,77.50032157
3.458524861,78.11165114
-3.458524861,78.11165114
-10.34850694,77.50032157
-17.15749791,76.28244689
-23.83220821,74.46755865
-30.32039916,72.06986078
-36.57129188,69.10811855
-42.53596465,65.60551158
-48.16773583,61.58945254
-53.42252916,57.09137252
-58.25921878,52.14647511
-62.63995101,46.79346082
-66.5304407,41.07422426
-69.90023949,35.03352621
-72.72297412,28.71864331
-74.97655288,22.17899809
-76.64333846,15.46577214
-77.710286,8.631505547
-78.16904519,1.729685725
-78.01602561,-5.185671233
-77.25242486,-12.06044328
-75.88421914,-18.84082601
-73.92211651,-25.47375373
-71.3814731,-31.90731479
-68.28217287,-38.09115785
-64.64847207,-43.97688595
-60.50880931,-49.5184353
-55.89558308,-54.67243574
-50.84489813,-59.39855026
-45.39628292,-63.65979057
-39.59238023,-67.42280672
-33.4786135,-70.65814799
-27.10283121,-73.34049345
-20.51493253,-75.4488501
-13.76647669,-76.96671721
-6.910279497,-77.8822154
3.704838319,-83.67470236
11.08551957,-83.01983437
18.37944161,-81.7152236
25.52951959,-79.77108042
32.47979447,-77.20262038
39.17587092,-74.02994516
45.56534306,-70.27788524
51.59820462,-65.97580558
57.22724026,-61.1573758
62.40839516,-55.86030662
67.10111975,-50.12605481
71.26868709,-43.99949866
74.87848033,-37.52858677
77.90224794,-30.76396281
80.31632484,-23.75856913
82.10181759,-16.56723243
83.24475231,-9.246234678
83.73618397,-1.852872601
83.57226646,5.554990717
82.75428265,12.9193787
81.28863437,20.18265503
79.18679232,27.28797472
76.46520625,34.17972901
73.14517627,40.80398057
69.25268611,47.10888567
64.81819979,53.04509986
59.87642316,58.56616422
54.46603235,63.62886894
48.62937098,68.19359149
42.41211885,72.22460673
35.86293439,75.69036649
29.03307384,78.56374651
21.97599012,80.8222587
14.74691448,82.44822712
7.402424243,83.42892638
5.13E-15,83.75668118
-7.402424243,83.42892638
-14.74691448,82.44822712
-21.97599012,80.8222587
-29.03307384,78.56374651
-35.86293439,75.69036649
-42.41211885,72.22460673
-48.62937098,68.19359149
-54.46603235,63.62886894
-59.87642316,58.56616422
-64.81819979,53.04509986
-69.25268611,47.10888567
-73.14517627,40.80398057
-76.46520625,34.17972901
-79.18679232,27.28797472
-81.28863437,20.18265503
-82.75428265,12.9193787
-83.57226646,5.554990717
-83.73618397,-1.852872601
-83.24475231,-9.246234678
-82.10181759,-16.56723243
-80.31632484,-23.75856913
-77.90224794,-30.76396281
-74.87848033,-37.52858677
-71.26868709,-43.99949866
-67.10111975,-50.12605481
-62.40839516,-55.86030662
-57.22724026,-61.1573758
-51.59820462,-65.97580558
-45.56534306,-70.27788524
-39.17587092,-74.02994516
-32.47979447,-77.20262038
-25.52951959,-79.77108042
-18.37944161,-81.7152236
-11.08551957,-83.01983437
-3.704838319,-83.67470236
8.51E-14,-89.60942873
7.919690684,-89.25877109
15.77739905,-88.20954255
23.51162788,-86.46995474
31.06184634,-84.05362229
38.36896374,-80.97945628
45.37579197,-77.27151623
52.02749311,-72.9588218
58.27200858,-68.07512567
64.06046657,-62.65864937
69.34756455,-56.75178419
74.09192381,-50.40075936
78.25641331,-43.65528024
81.80844028,-36.56813937
84.72020528,-29.19480322
86.9689198,-21.59297816
88.53698462,-13.82215877
89.41212748,-5.943162238
89.58749922,1.982347592
89.0617273,9.892342865
87.83892662,17.72491714
85.92866724,25.41876991
83.34589954,32.91368634
80.11083716,40.15100855
76.24879887,47.07409467
71.79001034,53.62876219
66.76936764,59.76371192
61.22616412,65.43092958
55.20378284,70.5860615
48.74935712,75.18876178
41.91340158,79.20300806
34.74941685,82.59738341
27.31347081,85.34532225
19.66375983,87.42531823
11.86015327,88.82109255
3.963724931,89.5217214
-3.963724931,89.5217214
-11.86015327,88.82109255
-19.66375983,87.42531823
-27.31347081,85.34532225
-34.74941685,82.59738341
-41.91340158,79.20300806
-48.74935712,75.18876178
-55.20378284,70.5860615
-61.22616412,65.43092958
-66.76936764,59.76371192
-71.79001034,53.62876219
-76.24879887,47.07409467
-80.11083716,40.15100855
-83.34589954,32.91368634
-85.92866724,25.41876991
-87.83892662,17.72491714
-89.0617273,9.892342865
-89.58749922,1.982347592
-89.41212748,-5.943162238
-88.53698462,-13.82215877
-86.9689198,-21.59297816
-84.72020528,-29.19480322
-81.80844028,-36.56813937
-78.25641331,-43.65528024
-74.09192381,-50.40075936
-69.34756455,-56.75178419
-64.06046657,-62.65864937
-58.27200858,-68.07512567
-52.02749311,-72.9588218
-45.37579197,-77.27151623
-38.36896374,-80.97945628
-31.06184634,-84.05362229
-23.51162788,-86.46995474
-15.77739905,-88.20954255
-7.919690684,-89.25877109
