# fixed mirror figure, mode=median, layout=pf36000
# generated 2026-08-01 by scripts/build_fixed_shapes.py: 4876 timesteps over 365 days of 2026, day stride 1
# mean_cos weight = trapezoid daylight hours x cos(AOI); median = time-weighted component-wise median
heliostat,x_mm,y_mm,c3,c4,c5
0,2940.51420988683,-29855.541800165898,5.270710853057192e-09,-1.5508370297512219e-06,1.279823642564992e-07
1,8708.540317633871,-28708.2100719662,1.0788305005798013e-08,-1.5499897245752181e-06,1.3278863897488965e-07
2,14141.9021047799,-26457.637930450597,4.067620573665839e-09,-1.549153770794154e-06,1.1119234698153883e-07
3,19031.7985249093,-23190.3136008821,9.16039391251663e-09,-1.5477413418803675e-06,7.858880820177731e-08
4,23190.3136008821,-19031.7985249093,9.258574018148717e-09,-1.5469896835709946e-06,3.7935836072203964e-08
5,26457.637930450597,-14141.9021047799,-1.4776557453367361e-09,-1.5466814256771666e-06,6.858373988890458e-09
6,28708.2100719662,-8708.54031763386,-7.369534576455944e-09,-1.5465759027411563e-06,-3.1260186932112898e-09
7,29855.541800165898,-2940.51420988681,-6.926038386721539e-09,-1.5463909439856876e-06,-1.6633429015588502e-08
8,29855.541800165898,2940.51420988682,-5.721566032540713e-09,-1.5466333146540705e-06,-9.19149897342397e-09
9,28708.2100719662,8708.540317633871,-3.671380205181609e-09,-1.5476350782684872e-06,-3.223723499273274e-09
10,26457.637930450597,14141.9021047799,-5.417062431149003e-09,-1.550623970939028e-06,1.274266181063537e-08
11,23190.3136008821,19031.7985249093,9.360279865018298e-09,-1.5530782693435418e-06,6.507530116186287e-08
12,19031.7985249093,23190.3136008821,2.0175109612147183e-08,-1.5574894571950589e-06,1.1582491679455254e-07
13,14141.9021047799,26457.637930450597,2.421892658307674e-08,-1.5612243724359281e-06,2.014202172283584e-07
14,8708.540317633871,28708.2100719662,1.975424110738814e-08,-1.564196967714119e-06,2.1977884995671258e-07
15,2940.51420988681,29855.541800165898,2.5981829841171253e-08,-1.5655386356745999e-06,2.1485289977153153e-07
16,-2940.51420988681,29855.541800165898,-2.6031210157742632e-08,-1.5655808867524719e-06,2.1480528675531667e-07
17,-8708.540317633871,28708.2100719662,-1.977907720797385e-08,-1.5641918150178079e-06,2.195565240895158e-07
18,-14141.9021047799,26457.637930450597,-2.4270606004102362e-08,-1.5612348146762777e-06,2.0148333975171137e-07
19,-19031.7985249093,23190.3136008821,-2.0173697601622193e-08,-1.557492778324507e-06,1.162948877622787e-07
20,-23190.3136008821,19031.7985249093,-9.493436521034921e-09,-1.5530754213288693e-06,6.480541700470148e-08
21,-26457.637930450597,14141.9021047799,5.231870771419472e-09,-1.5506190949383578e-06,1.2760596413468793e-08
22,-28708.2100719662,8708.540317633871,3.7964817551330646e-09,-1.547639965660569e-06,-3.41825184166956e-09
23,-29855.541800165898,2940.51420988681,5.687573985435548e-09,-1.5466297357521686e-06,-9.13112335486999e-09
24,-29855.541800165898,-2940.51420988681,6.966986266502414e-09,-1.546389896230238e-06,-1.653593949258885e-08
25,-28708.2100719662,-8708.54031763386,7.445957001058064e-09,-1.546574080669917e-06,-3.0988600097375935e-09
26,-26457.637930450597,-14141.9021047799,1.5245649136840223e-09,-1.5466830703030721e-06,6.929234700426921e-09
27,-23190.3136008821,-19031.7985249093,-9.299842511659139e-09,-1.5469857293026275e-06,3.783446444953632e-08
28,-19031.7985249093,-23190.3136008821,-9.147417730139664e-09,-1.5477339434141985e-06,7.864372455211264e-08
29,-14141.9021047799,-26457.637930450597,-4.072166762867085e-09,-1.5491625722619815e-06,1.1096318063754294e-07
30,-8708.540317633871,-28708.2100719662,-1.0798150165006271e-08,-1.5499989338109189e-06,1.3268930182191136e-07
31,-2940.51420988681,-29855.541800165898,-5.248364599581781e-09,-1.5508212663368043e-06,1.2803759625961672e-07
32,2.1440270314032197e-12,-35014.618629566896,-4.6488413785233554e-12,-1.4495946868043008e-06,1.422033041700655e-07
33,6831.01322371415,-34341.822550811994,1.0274891639876943e-08,-1.449085870247883e-06,1.5475548439884388e-07
34,13399.5144401173,-32349.289490545303,1.1637634250884663e-08,-1.4475292351312522e-06,1.452704627892484e-07
35,19453.079831121,-29113.5913768475,9.44898260783216e-09,-1.4459130064081328e-06,1.0758627631883804e-07
36,24759.0742736276,-24759.0742736276,7.883448287836697e-09,-1.4446541939190431e-06,7.476317032615028e-08
37,29113.5913768475,-19453.079831121,3.717786069876994e-09,-1.4435353179067572e-06,3.064996601897298e-08
38,32349.289490545303,-13399.5144401173,-3.4589442159767633e-09,-1.4429231472872894e-06,5.712129350768256e-09
39,34341.822550811994,-6831.01322371414,2.120299928519556e-10,-1.4424032918490897e-06,-2.35423301764783e-09
40,35014.618629566896,0.0,1.207596516084621e-09,-1.4433593922624181e-06,-4.887082094916098e-09
41,34341.822550811994,6831.01322371414,1.3634162312188812e-09,-1.4439833396427488e-06,3.4325790392293225e-10
42,32349.289490545303,13399.5144401173,-8.113616133841595e-10,-1.4461899452505014e-06,1.6139117155571928e-08
43,29113.5913768475,19453.079831121,1.890844689261687e-08,-1.4496809491709532e-06,4.95256177344297e-08
44,24759.0742736276,24759.0742736276,2.7680070608185342e-08,-1.453664485312851e-06,1.0521130471795475e-07
45,19453.079831121,29113.5913768475,2.7342727806399173e-08,-1.4586474715871813e-06,2.24627280896591e-07
46,13399.5144401173,32349.289490545303,2.0787034086813575e-08,-1.4621158041963718e-06,2.3638197208496107e-07
47,6831.01322371414,34341.822550811994,2.6471619800156855e-08,-1.4636065563637605e-06,2.437040897425047e-07
48,2.1440270314032197e-12,35014.618629566896,2.665880711287809e-11,-1.4639597900784362e-06,2.3688980661648036e-07
49,-6831.013223714131,34341.822550811994,-2.6553216935379548e-08,-1.4636267267652327e-06,2.4396098982736475e-07
50,-13399.5144401172,32349.289490545303,-2.0845711100460937e-08,-1.4620981424400378e-06,2.3652520066150768e-07
51,-19453.079831121,29113.5913768475,-2.742427488388272e-08,-1.4586805634165842e-06,2.2472675380577117e-07
52,-24759.0742736276,24759.0742736276,-2.784271060533424e-08,-1.4536587001181948e-06,1.0562848738250145e-07
53,-29113.5913768475,19453.079831121,-1.9163737872974166e-08,-1.4496931579960067e-06,4.964599468063928e-08
54,-32349.289490545303,13399.5144401173,8.578475854051452e-10,-1.44618693340414e-06,1.5763790320639595e-08
55,-34341.822550811994,6831.01322371415,-1.2323115971722177e-09,-1.4439819938645537e-06,3.19182090855841e-10
56,-35014.618629566896,4.288054062806439e-12,-9.650836955505137e-10,-1.443360567383075e-06,-4.912448448017879e-09
57,-34341.822550811994,-6831.01322371414,-2.1043310068543047e-10,-1.4424110148248022e-06,-2.2297005333452048e-09
58,-32349.289490545303,-13399.5144401172,3.48655798106825e-09,-1.4429183890701874e-06,5.810601914830147e-09
59,-29113.5913768475,-19453.079831121,-3.7127001926642876e-09,-1.4435353037775018e-06,3.06145598154489e-08
60,-24759.0742736276,-24759.0742736276,-7.89097649782006e-09,-1.4446740320264733e-06,7.484382184673379e-08
61,-19453.079831121,-29113.5913768475,-9.444387249598095e-09,-1.4459110563007855e-06,1.079502221040357e-07
62,-13399.5144401172,-32349.289490545303,-1.1587808024247828e-08,-1.4475507842412755e-06,1.454274276890693e-07
63,-6831.01322371415,-34341.822550811994,-1.0160848701703844e-08,-1.4490813805152565e-06,1.5464490111495842e-07
64,3946.5776840866197,-40070.2756744661,6.621650968994462e-09,-1.3496865740477864e-06,1.6642565433715876e-07
65,11688.0682851266,-38530.3974519658,8.081900894020198e-09,-1.3489785073895833e-06,1.534648982731876e-07
66,18980.3929767134,-35509.817663482405,6.742576136344766e-09,-1.3469687917760757e-06,1.4639864797811688e-07
67,25543.3118105322,-31124.6154963265,5.938779283553816e-09,-1.3452524444429029e-06,9.887651408950482e-08
68,31124.6154963265,-25543.3118105322,7.129813632358825e-09,-1.3434197879937687e-06,5.952227503754697e-08
69,35509.817663482405,-18980.3929767134,4.544198715578695e-09,-1.342796356922759e-06,1.806193157293437e-08
70,38530.3974519658,-11688.0682851266,2.7087588178900548e-09,-1.341354655146204e-06,4.090592712774266e-09
71,40070.2756744661,-3946.5776840865997,2.346291253892966e-09,-1.3426053921401214e-06,5.23339390735828e-10
72,40070.2756744661,3946.57768408661,2.0613794050307173e-09,-1.3450675479206015e-06,8.57278851939577e-10
73,38530.3974519658,11688.0682851266,6.570898091572815e-10,-1.344880083189582e-06,1.3171827822450451e-08
74,35509.817663482405,18980.3929767134,5.208363333520532e-09,-1.3481063647258467e-06,4.339492704758552e-08
75,31124.6154963265,25543.3118105322,1.7422084227273047e-08,-1.3511947384642844e-06,8.260575695070615e-08
76,25543.3118105322,31124.6154963265,1.9815269319926672e-08,-1.3568145761478231e-06,1.5557088342035154e-07
77,18980.3929767134,35509.817663482405,1.4631933573985944e-08,-1.3614618089817262e-06,2.269394436903523e-07
78,11688.0682851266,38530.3974519658,1.045539659761403e-08,-1.364014102476939e-06,2.5188701480005336e-07
79,3946.5776840865997,40070.2756744661,7.678457513390181e-09,-1.364490515176673e-06,2.4527687119609757e-07
80,-3946.57768408661,40070.2756744661,-7.646283062470469e-09,-1.36443591444077e-06,2.457082657759792e-07
81,-11688.0682851266,38530.3974519658,-1.0433226684324009e-08,-1.364021409889499e-06,2.5173605426988744e-07
82,-18980.3929767134,35509.817663482405,-1.446785808083408e-08,-1.361451524019182e-06,2.2684308572146895e-07
83,-25543.3118105322,31124.615496326398,-1.9742840280247735e-08,-1.356794449667837e-06,1.5563110048350207e-07
84,-31124.6154963265,25543.3118105322,-1.7402102457162017e-08,-1.3511956822452051e-06,8.250406973579786e-08
85,-35509.817663482405,18980.3929767134,-5.267432429364567e-09,-1.3481123496723445e-06,4.360948525122148e-08
86,-38530.3974519658,11688.0682851266,-6.595310329850611e-10,-1.3448793786075138e-06,1.3348585314614598e-08
87,-40070.2756744661,3946.5776840865997,-2.0661453839257587e-09,-1.3450687790564967e-06,7.93284020814807e-10
88,-40070.2756744661,-3946.57768408661,-2.2705514716071316e-09,-1.3426064027506918e-06,5.049227755897674e-10
89,-38530.3974519658,-11688.0682851266,-2.838600059004321e-09,-1.341352128787846e-06,4.172503476006124e-09
90,-35509.817663482405,-18980.3929767134,-4.594905079599546e-09,-1.3427988712012007e-06,1.8194294505511386e-08
91,-31124.6154963265,-25543.3118105322,-7.119290604918268e-09,-1.3434244167433603e-06,5.952326500095136e-08
92,-25543.3118105322,-31124.6154963265,-5.930008340385801e-09,-1.345254854249622e-06,9.899709799209753e-08
93,-18980.3929767134,-35509.817663482405,-6.739964249401899e-09,-1.3469656273496335e-06,1.4595547535004464e-07
94,-11688.0682851266,-38530.3974519658,-8.069164760774431e-09,-1.3489735908721348e-06,1.5345673126700307e-07
95,-3946.5776840865997,-40070.2756744661,-6.627000349984496e-09,-1.3497090902687345e-06,1.6681340377186884e-07
96,3014.76446879802,-45996.4173283991,6.065711360721861e-09,-1.248831615118597e-06,1.7201068444199035e-07
97,8992.7099504825,-45209.405875294105,1.4524796092911638e-08,-1.248269789985854e-06,1.6300110743824207e-07
98,14816.787671663898,-43648.848953247405,2.0941382860340372e-08,-1.2474078454124077e-06,1.4316559699904478e-07
99,20387.3460477936,-41341.4481238635,1.3285857137691361e-08,-1.2461075110399402e-06,1.4453928288854546e-07
100,25609.071280605298,-38326.683655065404,1.619273077198343e-08,-1.2443693548289838e-06,1.2167037010464316e-07
101,30392.61820363,-34656.1390027649,2.31588636988492e-08,-1.2438106206138374e-06,9.432317332474412e-08
102,34656.1390027648,-30392.6182036301,1.8236954223451545e-08,-1.241868467446562e-06,6.914742901249511e-08
103,38326.6836550653,-25609.0712806054,1.4856260640072028e-08,-1.242029703529266e-06,3.978069635556385e-08
104,41341.4481238634,-20387.346047793697,9.36444154486063e-09,-1.2406018246604569e-06,1.553109248041142e-08
105,43648.848953247405,-14816.787671664,2.940855345978192e-09,-1.2400121705749514e-06,4.123538013291783e-09
106,45209.405875294105,-8992.70995048261,3.7161051120120877e-09,-1.2406389651678608e-06,2.5139714273633913e-09
107,45996.4173283991,-3014.7644687981397,3.797716026057307e-09,-1.2421101622031845e-06,4.418845079296118e-09
108,45996.4173283991,3014.76446879807,4.2746133927602285e-09,-1.2439921299330843e-06,4.672957535794707e-09
109,45209.405875294105,8992.70995048254,4.167430948319261e-09,-1.2443915477955209e-06,4.9717904231492326e-09
110,43648.848953247405,14816.787671664,2.8414652151397344e-09,-1.2443204416748017e-06,1.8062746986366796e-08
111,41341.4481238635,20387.346047793697,7.599055807497397e-09,-1.2454726645898063e-06,3.5295115879739496e-08
112,38326.6836550653,25609.0712806054,1.7787657378973956e-08,-1.2490040921567808e-06,6.549217644662456e-08
113,34656.1390027648,30392.61820363,2.3482350471979643e-08,-1.2508875463357144e-06,1.1796392834826014e-07
114,30392.61820363,34656.1390027648,2.6361746036860905e-08,-1.2547458464564122e-06,1.3837390117362765e-07
115,25609.0712806054,38326.6836550653,1.9785046159254363e-08,-1.2590515133582351e-06,1.6417958248394732e-07
116,20387.346047793697,41341.4481238634,1.858913067923713e-08,-1.2615373916723999e-06,2.1094289875919517e-07
117,14816.787671664,43648.848953247405,1.6785341319887055e-08,-1.2634904239949837e-06,2.3864848434642805e-07
118,8992.709950482571,45209.405875294105,2.0209953830826324e-08,-1.2638866499441047e-06,2.51721738510254e-07
119,3014.7644687981,45996.4173283991,1.9483624239741112e-08,-1.2634711974582038e-06,2.416816964673441e-07
120,-3014.7644687981,45996.4173283991,-1.950616226800558e-08,-1.2634342551811741e-06,2.416850122642461e-07
121,-8992.70995048256,45209.405875294105,-2.0415563326622213e-08,-1.2639396489455803e-06,2.516820233062609e-07
122,-14816.787671664,43648.848953247405,-1.670434784044363e-08,-1.2634592943386925e-06,2.3822649696969084e-07
123,-20387.346047793697,41341.4481238634,-1.8507591355913406e-08,-1.2615108157054923e-06,2.1066479750291972e-07
124,-25609.0712806054,38326.6836550653,-1.969741841860657e-08,-1.2589910989703356e-06,1.6380008900291946e-07
125,-30392.61820363,34656.1390027648,-2.6244785647390106e-08,-1.2547738723798476e-06,1.386134823698526e-07
126,-34656.1390027648,30392.61820363,-2.349937111010065e-08,-1.2508947045613442e-06,1.1816133068029017e-07
127,-38326.6836550653,25609.0712806054,-1.7620872730678243e-08,-1.2490340524662015e-06,6.496099474984607e-08
128,-41341.4481238635,20387.346047793697,-7.42586309422309e-09,-1.2454754674525488e-06,3.532280422089899e-08
129,-43648.848953247405,14816.787671664,-2.825717996175459e-09,-1.2443219048648432e-06,1.7810039073833977e-08
130,-45209.405875294105,8992.70995048254,-4.2896127425169665e-09,-1.2443893223714328e-06,5.207478442879978e-09
131,-45996.4173283991,3014.76446879809,-4.099817046219128e-09,-1.2439934990423634e-06,4.6969702418233745e-09
132,-45996.4173283991,-3014.7644687981397,-3.69325380815432e-09,-1.2421113656051536e-06,4.300684167116948e-09
133,-45209.405875294105,-8992.70995048261,-3.7120824895887837e-09,-1.2406404564511452e-06,2.5207156016166672e-09
134,-43648.848953247405,-14816.787671664,-2.9597631447192565e-09,-1.240009382623569e-06,4.155772709235126e-09
135,-41341.4481238634,-20387.346047793697,-9.246500504396445e-09,-1.2406016108738233e-06,1.5474093646991747e-08
136,-38326.6836550653,-25609.0712806054,-1.4836282460658222e-08,-1.2420272691166594e-06,3.976476534251492e-08
137,-34656.1390027648,-30392.6182036301,-1.82508536843858e-08,-1.2418609187806565e-06,6.899116011488427e-08
138,-30392.61820363,-34656.1390027649,-2.318949928013931e-08,-1.2438087342086087e-06,9.429366439970874e-08
139,-25609.071280605298,-38326.683655065404,-1.622534842904904e-08,-1.2443843647311003e-06,1.2129263904619018e-07
140,-20387.3460477936,-41341.4481238635,-1.328468891214074e-08,-1.2461207525065387e-06,1.4480571973556399e-07
141,-14816.787671663898,-43648.848953247405,-2.0757903936538517e-08,-1.2474076456489486e-06,1.4302708127629723e-07
142,-8992.709950482511,-45209.405875294105,-1.4713744338422802e-08,-1.2482697072379274e-06,1.6304850656314792e-07
143,-3014.76446879805,-45996.4173283991,-6.059692713446811e-09,-1.2488385080513672e-06,1.7208914853247848e-07
144,-8.76900682911802e-11,-51127.5235819115,-6.0008410698821854e-12,-1.1693439288510886e-06,1.710470942797925e-07
145,6673.48097078771,-50690.1205300545,1.3763634430722458e-08,-1.1694692454282553e-06,1.6683326725757508e-07
146,13232.7768319268,-49385.3954619717,2.6742316354453557e-08,-1.1687198063015382e-06,1.513655847208438e-07
147,19565.6562126529,-47235.6725853162,3.0813894975199143e-08,-1.1676687801633472e-06,1.3083795981933733e-07
148,25563.761790955698,-44277.7342545234,2.438401739022223e-08,-1.166302679576621e-06,1.353028855901095e-07
149,31124.4643174014,-40562.191614528405,2.1838886907037957e-08,-1.16440303297738e-06,1.0433517901009092e-07
150,36152.6186300447,-36152.6186300448,1.8108799393230568e-08,-1.1630901660175726e-06,7.702924612444861e-08
151,40562.1916145283,-31124.4643174015,1.4868787390705654e-08,-1.1623244825922583e-06,4.996415628892077e-08
152,44277.734254523304,-25563.761790955803,1.229812806884071e-08,-1.1619555818555852e-06,2.471676903462165e-08
153,47235.6725853162,-19565.656212653,4.770752533701016e-09,-1.161166222004446e-06,8.189717177175902e-09
154,49385.3954619717,-13232.776831927,6.769451488552564e-09,-1.1612777422633232e-06,3.8279041840633825e-09
155,50690.1205300545,-6673.480970787849,8.532474769431402e-09,-1.1624781522493513e-06,4.93069703540361e-09
156,51127.5235819115,-4.5410363098163e-11,9.296369563627038e-09,-1.1644000859126202e-06,5.8917424539092205e-09
157,50690.1205300545,6673.48097078776,9.724338006048403e-09,-1.1665821446200353e-06,5.887647813840761e-09
158,49385.3954619717,13232.7768319269,9.376150490151967e-09,-1.165523384541994e-06,1.175500289672385e-08
159,47235.6725853162,19565.6562126529,1.3036696983856289e-08,-1.166411831156508e-06,2.6914375517034743e-08
160,44277.734254523304,25563.761790955698,2.6717870603578443e-08,-1.1681531427253191e-06,4.645141333584174e-08
161,40562.191614528405,31124.4643174015,2.942098301669155e-08,-1.1707374462012042e-06,8.689903236114286e-08
162,36152.6186300447,36152.6186300447,3.001508302755456e-08,-1.1735158853324261e-06,1.1929224373717803e-07
163,31124.4643174015,40562.191614528405,2.92424781546876e-08,-1.1777861510088918e-06,1.444220038537807e-07
164,25563.761790955698,44277.734254523304,3.023338817959201e-08,-1.1821115703277076e-06,1.7390688348732735e-07
165,19565.6562126529,47235.6725853162,2.6908549571097907e-08,-1.1845464834895048e-06,2.059056582684471e-07
166,13232.7768319269,49385.3954619717,3.227527346841799e-08,-1.1851172034009224e-06,2.401228007534933e-07
167,6673.480970787809,50690.1205300545,3.877351206180878e-08,-1.184658025562176e-06,2.4393599335332933e-07
168,3.1306579051459398e-12,51127.5235819115,2.4218529890554375e-11,-1.1840276914580794e-06,2.3669588991913516e-07
169,-6673.4809707878,50690.1205300545,-3.8771976270057685e-08,-1.184601152975513e-06,2.439184819070479e-07
170,-13232.7768319269,49385.3954619717,-3.224874129085184e-08,-1.1851254824901955e-06,2.398862912618165e-07
171,-19565.6562126529,47235.6725853162,-2.6884679762674387e-08,-1.1845625959636298e-06,2.0602379444562492e-07
172,-25563.761790955698,44277.734254523304,-3.025037503207091e-08,-1.1820844385994128e-06,1.7344456095224619e-07
173,-31124.4643174015,40562.191614528405,-2.9138630253634138e-08,-1.1778091973195834e-06,1.4435188774303586e-07
174,-36152.6186300447,36152.6186300447,-2.9785489595312224e-08,-1.1735324497199788e-06,1.191546656565944e-07
175,-40562.191614528405,31124.4643174015,-2.935369025009448e-08,-1.1707298829717834e-06,8.740344363177371e-08
176,-44277.734254523304,25563.761790955698,-2.663355873922288e-08,-1.168158905988181e-06,4.677416942208846e-08
177,-47235.6725853162,19565.6562126529,-1.3100457822014954e-08,-1.1664189172862813e-06,2.7238591228635062e-08
178,-49385.3954619717,13232.7768319269,-9.58168195587306e-09,-1.16552116823826e-06,1.1660192648157401e-08
179,-50690.1205300545,6673.48097078776,-9.683143831922472e-09,-1.1665837215333986e-06,5.787726515211234e-09
180,-51127.5235819115,-3.9149047287871204e-11,-9.336029001672564e-09,-1.1644014910228418e-06,5.795064383010679e-09
181,-50690.1205300545,-6673.48097078784,-8.532352296600818e-09,-1.1624793749058685e-06,4.896666877702881e-09
182,-49385.3954619717,-13232.776831927,-6.7683939951499444e-09,-1.1612780605025542e-06,3.761801406148014e-09
183,-47235.6725853162,-19565.656212653,-4.776714939819783e-09,-1.1611695728783426e-06,8.227589831212138e-09
184,-44277.734254523304,-25563.761790955803,-1.235455124043109e-08,-1.1619547632766773e-06,2.471909019791009e-08
185,-40562.191614528405,-31124.4643174015,-1.4865973738767036e-08,-1.1623389913359353e-06,5.026962263525028e-08
186,-36152.6186300447,-36152.6186300448,-1.8070808126358107e-08,-1.1631003883863864e-06,7.69882846109142e-08
187,-31124.4643174014,-40562.191614528405,-2.1856351464686384e-08,-1.1644088744330268e-06,1.0394242334951706e-07
188,-25563.761790955698,-44277.734254523304,-2.4365439030027756e-08,-1.1662978751652857e-06,1.3539452768006926e-07
189,-19565.6562126529,-47235.6725853162,-3.087634033440768e-08,-1.1676411609917746e-06,1.308980132087912e-07
190,-13232.7768319269,-49385.3954619717,-2.6737727802753565e-08,-1.1687232230266421e-06,1.5134828573978334e-07
191,-6673.48097078771,-50690.1205300545,-1.3766192068190112e-08,-1.1694611728237458e-06,1.6678729497856968e-07
192,8.14287524808883e-11,-51127.5235819115,-6.000841069491135e-12,-1.1693439288510884e-06,1.7104709427979249e-07
193,3690.00801333362,-56298.6429895466,7.445904042208534e-09,-1.0939545657722421e-06,1.6756759914166728e-07
194,11006.8869798294,-55335.3575990628,1.8338908804922814e-08,-1.093698127616011e-06,1.542405783813624e-07
195,18135.4350584147,-53425.2688981994,1.8416353522427156e-08,-1.0933232318127985e-06,1.2940933765943873e-07
196,24953.6808150581,-50601.0590342049,1.3815079135420291e-08,-1.0918676066429644e-06,1.2498946273914648e-07
197,31344.962174488403,-46911.0510208712,1.4357471922961193e-08,-1.0901534968122595e-06,1.1387328292889072e-07
198,37199.9225406478,-42418.3819183699,1.1358229609331324e-08,-1.0886386376432916e-06,7.605112957074854e-08
199,42418.38191836981,-37199.922540647894,9.704356256197842e-09,-1.0870182431057291e-06,5.759450689389274e-08
200,46911.0510208712,-31344.9621744885,1.2781607228358721e-08,-1.0872738982910743e-06,3.5395192564285285e-08
201,50601.0590342049,-24953.6808150582,5.861473155184143e-09,-1.0862764843094526e-06,1.1546792812112969e-08
202,53425.2688981994,-18135.4350584149,7.87432973290237e-09,-1.0859490253930094e-06,3.888806300582142e-09
203,55335.3575990627,-11006.8869798295,9.214509651161372e-09,-1.0869473808493977e-06,4.9960712583523984e-09
204,56298.6429895466,-3690.00801333376,8.886485877158538e-09,-1.0885815835320329e-06,5.272211012257328e-09
205,56298.6429895466,3690.00801333368,8.251847694703607e-09,-1.0907829184023604e-06,7.694755390100443e-09
206,55335.3575990627,11006.8869798294,8.702217683766039e-09,-1.0915515702378684e-06,9.656044625029375e-09
207,53425.2688981994,18135.435058414798,9.056764810390918e-09,-1.0911404625328964e-06,1.882037968112955e-08
208,50601.0590342049,24953.6808150581,2.9107615222030213e-08,-1.092569855848311e-06,3.64245257292062e-08
209,46911.0510208712,31344.962174488403,4.014568688476716e-08,-1.0949300503238735e-06,6.075377059144955e-08
210,42418.3819183699,37199.922540647894,3.4692083992110514e-08,-1.0967919952366073e-06,8.956663591858281e-08
211,37199.922540647894,42418.38191836981,3.8635601516222745e-08,-1.1001926476621828e-06,1.2515408366412915e-07
212,31344.962174488403,46911.0510208712,3.728318811700818e-08,-1.105020843149191e-06,1.5000215494821106e-07
213,24953.6808150581,50601.0590342049,3.494973921817675e-08,-1.1081043617234782e-06,1.735914550496147e-07
214,18135.435058414798,53425.2688981994,2.841251633203871e-08,-1.1097226352956988e-06,2.063715484613845e-07
215,11006.8869798295,55335.3575990627,3.201540870721535e-08,-1.1095029619425206e-06,2.32392992621862e-07
216,3690.00801333372,56298.6429895466,2.5258350692464035e-08,-1.1087558304117446e-06,2.3382024862871366e-07
217,-3690.0080133337096,56298.6429895466,-2.5142679377436e-08,-1.1087213078724615e-06,2.3377488504149413e-07
218,-11006.8869798295,55335.3575990627,-3.197943469380546e-08,-1.1095039393208905e-06,2.322162617771042e-07
219,-18135.435058414798,53425.2688981994,-2.851207027610404e-08,-1.109745440734372e-06,2.0618278258893816e-07
220,-24953.6808150581,50601.0590342049,-3.4964839711428274e-08,-1.108088424009498e-06,1.7365429891954508e-07
221,-31344.962174488403,46911.0510208712,-3.718552189320705e-08,-1.1050134726015185e-06,1.50005203416814e-07
222,-37199.922540647894,42418.38191836981,-3.870906863106045e-08,-1.1001812545119468e-06,1.2493616039608364e-07
223,-42418.3819183699,37199.922540647894,-3.4790045432809736e-08,-1.0967675187636126e-06,8.971522435814694e-08
224,-46911.0510208712,31344.962174488403,-4.002493243704782e-08,-1.094917222319631e-06,6.063163572763972e-08
225,-50601.0590342049,24953.6808150581,-2.9264607541213027e-08,-1.092567976610424e-06,3.6711718512732086e-08
226,-53425.2688981994,18135.435058414798,-9.149648021375637e-09,-1.0911386465774639e-06,1.863248447734091e-08
227,-55335.3575990627,11006.8869798294,-8.868086076706112e-09,-1.0915483615935673e-06,9.407195168443153e-09
228,-56298.6429895466,3690.0080133337,-8.153485675817728e-09,-1.0907845175773915e-06,7.714738455030087e-09
229,-56298.6429895466,-3690.00801333376,-8.822977724108977e-09,-1.0885829934306418e-06,5.281750767890552e-09
230,-55335.3575990627,-11006.8869798295,-9.163874475646979e-09,-1.0869482997433757e-06,5.057702497407477e-09
231,-53425.2688981994,-18135.435058414798,-7.888582310010086e-09,-1.085947050652614e-06,3.915840074390119e-09
232,-50601.0590342049,-24953.6808150582,-5.861388428419198e-09,-1.086281609624014e-06,1.174421453264e-08
233,-46911.0510208712,-31344.9621744885,-1.2764748106051698e-08,-1.0872747549675654e-06,3.562073062588173e-08
234,-42418.38191836981,-37199.922540647894,-9.70087779521795e-09,-1.0870197072494274e-06,5.7228641621019315e-08
235,-37199.922540647894,-42418.3819183699,-1.1363831007787833e-08,-1.0886340837063547e-06,7.611786198635694e-08
236,-31344.962174488297,-46911.0510208712,-1.4370730297019996e-08,-1.0901569201985282e-06,1.1357799372706872e-07
237,-24953.6808150581,-50601.0590342049,-1.377572310032329e-08,-1.0918618347231469e-06,1.2500379515564807e-07
238,-18135.4350584147,-53425.2688981994,-1.8406057248510508e-08,-1.0933546741153258e-06,1.2925577800342862e-07
239,-11006.8869798294,-55335.3575990628,-1.8348517329227793e-08,-1.0936786317833571e-06,1.5417146595423476e-07
240,-3690.00801333365,-56298.6429895466,-7.4421221484916e-09,-1.0939859332105882e-06,1.6785552800902437e-07
241,-1.06334385736706e-10,-61998.056567465705,-6.221998000656822e-12,-1.0226684704456053e-06,1.661864430047591e-07
242,8092.370248794539,-61467.654598976704,8.834166470792383e-09,-1.0225473264869687e-06,1.5405316072503763e-07
243,16046.2777990034,-59885.5240182457,1.0112693661726296e-08,-1.0220913628455902e-06,1.4076362712108384e-07
244,23725.629087202702,-57278.7355181585,1.011241774562016e-08,-1.0213413736324074e-06,1.0791292250219234e-07
245,30999.0282837327,-53691.89197269,9.7800639709181e-09,-1.020129170960993e-06,1.1445331894890961e-07
246,37742.0255117738,-49186.365269363894,8.24778330660808e-09,-1.0179436931710016e-06,8.35805164432338e-08
247,43839.2462192421,-43839.246219242195,8.128370973547868e-09,-1.0162996594852614e-06,6.141691983339153e-08
248,49186.3652693638,-37742.0255117739,1.2442696634607397e-08,-1.0155173289835535e-06,4.0359289680844633e-08
249,53691.891972689904,-30999.0282837329,8.070315434386757e-09,-1.015491119352444e-06,2.227064016850202e-08
250,57278.7355181585,-23725.6290872028,6.627382042295343e-09,-1.0151046154188575e-06,5.610467445824366e-09
251,59885.5240182457,-16046.277799003601,7.935078754662753e-09,-1.015196891746119e-06,3.715957971859672e-09
252,61467.654598976704,-8092.37024879472,7.2648498447509204e-09,-1.0168098980456947e-06,3.983082816602533e-09
253,61998.056567465705,-5.50653359065706e-11,5.583639880883805e-09,-1.0189103473317858e-06,6.872331562157976e-09
254,61467.654598976704,8092.37024879461,3.410405071086743e-09,-1.0213759113951079e-06,6.972135928774802e-09
255,59885.5240182457,16046.2777990034,3.960851829232071e-09,-1.0204894200357884e-06,1.535039252795414e-08
256,57278.7355181585,23725.629087202702,8.016437150337918e-09,-1.021207429189463e-06,2.5363252554861192e-08
257,53691.891972689904,30999.0282837328,2.593313655829721e-08,-1.0230374438285917e-06,4.109667553259707e-08
258,49186.365269363894,37742.0255117739,2.9975842848574096e-08,-1.0257518743452467e-06,6.931036201722608e-08
259,43839.246219242195,43839.2462192421,3.138636928107027e-08,-1.0272148566826912e-06,1.0606241010383248e-07
260,37742.0255117739,49186.3652693638,2.8608869812411656e-08,-1.0309713935430706e-06,1.2671821376212532e-07
261,30999.0282837328,53691.891972689904,2.456689019905561e-08,-1.0360456986112603e-06,1.5833506652868614e-07
262,23725.629087202702,57278.7355181585,1.169455896101993e-08,-1.0383352804748631e-06,1.6252822952701603e-07
263,16046.277799003501,59885.5240182457,1.650998089374288e-08,-1.038429555417689e-06,2.0693927412792306e-07
264,8092.370248794669,61467.654598976704,1.105058374087605e-08,-1.0376093059519166e-06,2.2523286931838281e-07
265,3.79628607643517e-12,61998.056567465705,2.227830459181133e-11,-1.0372613958043563e-06,2.219238084238567e-07
266,-8092.37024879466,61467.654598976704,-1.1045644981370418e-08,-1.037604385100173e-06,2.2550399929030453e-07
267,-16046.277799003501,59885.5240182457,-1.659024602215554e-08,-1.0384172437190808e-06,2.073824951665614e-07
268,-23725.629087202702,57278.7355181585,-1.1761454323539373e-08,-1.038385760848256e-06,1.6237806361793038e-07
269,-30999.0282837328,53691.891972689904,-2.4584721038544623e-08,-1.0360530270713321e-06,1.5823472096524206e-07
270,-37742.0255117739,49186.3652693638,-2.862585497009106e-08,-1.0309624831552308e-06,1.272412849356606e-07
271,-43839.246219242195,43839.2462192421,-3.138470824443505e-08,-1.027180606970601e-06,1.0581165813566102e-07
272,-49186.365269363894,37742.0255117738,-3.02155241261788e-08,-1.0257480175807796e-06,6.927805042268818e-08
273,-53691.891972689904,30999.0282837328,-2.5994041568722386e-08,-1.0230471028068535e-06,4.0723258930116466e-08
274,-57278.7355181585,23725.629087202702,-7.833445471063228e-09,-1.0212089121124773e-06,2.5576347665119478e-08
275,-59885.5240182457,16046.277799003501,-4.092500623620145e-09,-1.0204874941077292e-06,1.531051952760052e-08
276,-61467.654598976704,8092.3702487946,-3.3896657166249e-09,-1.0213776917394074e-06,7.065376268098474e-09
277,-61998.056567465705,-4.74727637537003e-11,-5.7171458943338155e-09,-1.0189119365188174e-06,6.914170768965681e-09
278,-61467.654598976704,-8092.370248794699,-7.279093720428325e-09,-1.016811369622621e-06,3.989750292463908e-09
279,-59885.5240182457,-16046.277799003501,-7.955966851639519e-09,-1.0151986626653345e-06,3.764175110495313e-09
280,-57278.7355181585,-23725.6290872028,-6.593099817607583e-09,-1.0151061461916307e-06,5.490117023666699e-09
281,-53691.891972689904,-30999.0282837329,-7.99245365235153e-09,-1.015489781142386e-06,2.2510741358491073e-08
282,-49186.3652693638,-37742.0255117739,-1.238569160036707e-08,-1.0155216908444567e-06,4.032741844996032e-08
283,-43839.2462192421,-43839.246219242195,-8.12573227462242e-09,-1.0163032866275993e-06,6.129276769228721e-08
284,-37742.0255117738,-49186.365269363894,-8.249249341870045e-09,-1.017945325862726e-06,8.373165153584099e-08
285,-30999.0282837327,-53691.89197269,-9.791942877697559e-09,-1.0201509722953615e-06,1.1438952801350776e-07
286,-23725.629087202702,-57278.7355181585,-1.0076521056456014e-08,-1.0213370194109029e-06,1.0780627136920515e-07
287,-16046.2777990034,-59885.5240182457,-1.0043305645860327e-08,-1.022073846059735e-06,1.4108291457707066e-07
288,-8092.37024879455,-61467.654598976704,-8.76959809312413e-09,-1.022527689391317e-06,1.5424211752600623e-07
289,9.87418135838358e-11,-61998.056567465705,-6.2219980002400985e-12,-1.0226684704456051e-06,1.661864430047602e-07
290,6.43975904510172e-11,-67829.008462311,-6.005959029176053e-12,-9.56090710267222e-07,1.5723207759856528e-07
291,5994.73486263315,-67563.58148371789,4.520051709012554e-09,-9.556483698630493e-07,1.5007871105116067e-07
292,11942.5527970042,-66769.37787392529,4.770209535609617e-09,-9.56041358664997e-07,1.4116620293565602e-07
293,17796.9040634271,-65452.6133530008,4.6337774707998996e-09,-9.554714157480935e-07,1.3267593349451614e-07
294,23511.970425619398,-63623.5933886562,4.314441331141123e-09,-9.553803155950754e-07,1.1115073758362951e-07
295,29043.0237405235,-61296.6325419891,5.04914827491758e-09,-9.543883019060677e-07,1.0186946846074247e-07
296,34346.7760166712,-58489.942436635,4.954383241192534e-09,-9.535749372788177e-07,1.0407339959225396e-07
297,39381.7182014082,-55225.4892281193,4.2131634272048696e-09,-9.516733438834516e-07,8.254298135528532e-08
298,44108.4450455123,-51528.8216889079,5.4932661116340145e-09,-9.508241144764917e-07,6.219000577420641e-08
299,48489.963502695195,-47428.8712546223,9.657169534883533e-09,-9.497632449003104e-07,5.283182917738861e-08
300,52491.9822503472,-42957.7255963289,1.582579060806473e-08,-9.48837234396729e-07,4.016065542803168e-08
301,56083.1800656302,-38150.377491007195,1.311451767007041e-08,-9.497449866075719e-07,2.7380980770413344e-08
302,59235.4509565138,-33044.4509556249,1.0380984557253853e-08,-9.49128229737191e-07,1.509473136059554e-08
303,61924.12412927,-27679.9067881923,9.28496170486649e-09,-9.490686404819183e-07,3.952990052004722e-09
304,64128.1570708841,-22098.7298203375,1.2379983246777395e-08,-9.490413287434365e-07,4.02046730578937e-09
305,65830.3002352497,-16344.600329073199,1.1397270477669696e-08,-9.491737805231822e-07,3.4752989563642456e-09
306,67017.2320442546,-10462.552179405799,8.360975219967232e-09,-9.504761752627492e-07,4.479510038965843e-09
307,67679.6631471917,-4498.6203732821,5.810394231600923e-09,-9.516927178261184e-07,5.472253763026702e-09
308,67812.4091225234,1500.51923671753,3.872213311282214e-09,-9.532938363297249e-07,5.782468072490858e-09
309,67414.4310530089,7487.9152492106905,3.2912818815679253e-09,-9.550304541579421e-07,5.9272060356959075e-09
310,66488.8436566409,13416.708172388,3.989756012321052e-09,-9.551917344964783e-07,9.594414901761011e-09
311,65042.890909753594,19240.4971630712,4.347904811697532e-09,-9.544844611799833e-07,1.528958413451327e-08
312,63087.889353086604,24913.703176223098,4.5350137554150676e-09,-9.550461679780982e-07,2.167274780526669e-08
313,60639.1395245101,30391.925682773897,7.439368849000901e-09,-9.56208237882183e-07,3.3091728125163056e-08
314,57715.8062115702,35632.2901639612,1.198593547844299e-08,-9.577472806761616e-07,4.509649448348622e-08
315,54340.7684610426,40593.783662571,1.6287647280606696e-08,-9.598284051864556e-07,5.863998742359741e-08
316,50540.4405193704,45237.575764935005,1.3008208923583717e-08,-9.599499366175448e-07,7.442438727131116e-08
317,46344.565105372196,49527.3225015664,1.2865242452983773e-08,-9.614767583181329e-07,1.007499719856245e-07
318,41785.9806331408,53429.450787997295,8.883470834189663e-09,-9.642635654083932e-07,1.1779040187701341e-07
319,36900.3642069287,56913.4211796855,7.82864796909392e-09,-9.67572921943834e-07,1.3722539038649015e-07
320,31725.9523994344,59951.966884574096,6.06391656950273e-09,-9.701372772667837e-07,1.4805144228196143e-07
321,26303.2419987785,62521.3071627101,4.747711912685678e-09,-9.716917789797204e-07,1.4922453153684832e-07
322,20674.6730662286,64601.333442776704,3.9592454902241626e-09,-9.72448902422665e-07,1.7089786891595485e-07
323,14884.2967851777,66175.7666989284,3.749239932912662e-09,-9.715606026941456e-07,2.0629097171644403e-07
324,8977.430700907411,67232.2848562405,3.6559662954149364e-09,-9.707673525747625e-07,2.138647924328424e-07
325,3000.30404935205,67762.6192276516,3.080505160701486e-09,-9.704480643592787e-07,2.1494804550306682e-07
326,-3000.3040493520602,67762.6192276516,-3.0648511401096266e-09,-9.705887143367327e-07,2.1476280150583452e-07
327,-8977.43070090742,67232.2848562405,-3.776808930401902e-09,-9.708166018483533e-07,2.1379458681376625e-07
328,-14884.2967851777,66175.7666989284,-3.678914767267243e-09,-9.715363393760682e-07,2.0626717782058025e-07
329,-20674.6730662286,64601.333442776704,-3.926976761835634e-09,-9.723969984057003e-07,1.7053971405035668e-07
330,-26303.2419987785,62521.3071627101,-4.524453374566154e-09,-9.71607765629474e-07,1.4929555486030798e-07
331,-31725.9523994344,59951.966884574096,-6.39708309458986e-09,-9.701164331819832e-07,1.480689839044058e-07
332,-36900.3642069287,56913.4211796854,-7.886582456966333e-09,-9.675915745405974e-07,1.374056498237929e-07
333,-41785.9806331408,53429.450787997295,-9.069061523049656e-09,-9.642348075362807e-07,1.1805445186283386e-07
334,-46344.565105372196,49527.3225015664,-1.290619539410967e-08,-9.614682482399852e-07,1.0054962745014119e-07
335,-50540.4405193704,45237.575764935005,-1.3050027296252494e-08,-9.599338083803033e-07,7.46336432268278e-08
336,-54340.7684610426,40593.783662571,-1.6327676360413275e-08,-9.598432895237138e-07,5.8913653729330254e-08
337,-57715.8062115702,35632.2901639612,-1.1961523086002693e-08,-9.577388956629783e-07,4.538607015839921e-08
338,-60639.1395245101,30391.925682773897,-7.458256236091814e-09,-9.562076583896456e-07,3.3215057878066704e-08
339,-63087.889353086604,24913.703176223098,-4.5047117182318055e-09,-9.550457720422184e-07,2.1832803442426005e-08
340,-65042.890909753594,19240.4971630712,-4.299907470229615e-09,-9.544819228727427e-07,1.5192001846752816e-08
341,-66488.8436566409,13416.708172388,-4.021060217352395e-09,-9.551881992548066e-07,9.690183545119462e-09
342,-67414.4310530089,7487.9152492107005,-3.310216386273502e-09,-9.550322771941557e-07,6.089060368654183e-09
343,-67812.4091225234,1500.51923671753,-3.883509287600615e-09,-9.532955254107293e-07,5.850560289459453e-09
344,-67679.6631471917,-4498.6203732821195,-5.924932611394439e-09,-9.516942671442352e-07,5.525943691595446e-09
345,-67017.2320442546,-10462.552179405799,-8.372480088078423e-09,-9.50476883358639e-07,4.482112869735347e-09
346,-65830.3002352497,-16344.600329073199,-1.1261976407344955e-08,-9.491724327904049e-07,3.5924296563827982e-09
347,-64128.1570708841,-22098.7298203375,-1.2335703608182062e-08,-9.490423129412978e-07,4.0095444711408476e-09
348,-61924.12412927,-27679.906788192402,-9.36604370301224e-09,-9.490704813201245e-07,3.991103798488111e-09
349,-59235.4509565138,-33044.4509556249,-1.0518143810674503e-08,-9.491247723793232e-07,1.514222947469197e-08
350,-56083.1800656302,-38150.377491007195,-1.3049165219624251e-08,-9.497397971075333e-07,2.7233537429789188e-08
351,-52491.9822503472,-42957.7255963289,-1.583617853739509e-08,-9.48836958725183e-07,4.033149775193515e-08
352,-48489.963502695195,-47428.8712546223,-9.685931656009266e-09,-9.49760551531101e-07,5.3182066837546655e-08
353,-44108.4450455123,-51528.8216889079,-5.634490139311159e-09,-9.508045025121197e-07,6.233671264441282e-08
354,-39381.7182014082,-55225.4892281193,-4.219197231631561e-09,-9.516835997485938e-07,8.26829874227222e-08
355,-34346.7760166712,-58489.942436635,-4.955734865056713e-09,-9.535761831627951e-07,1.0419495773612791e-07
356,-29043.0237405235,-61296.6325419891,-5.054074660438925e-09,-9.543790626870974e-07,1.0185873291440562e-07
357,-23511.970425619398,-63623.5933886562,-4.3600917577079e-09,-9.553821864788838e-07,1.113094522107409e-07
358,-17796.9040634271,-65452.6133530008,-4.653627052871291e-09,-9.554853461980348e-07,1.3261954035162747e-07
359,-11942.5527970042,-66769.37787392529,-4.8006288110006355e-09,-9.561022272937387e-07,1.4091591869224714e-07
360,-5994.7348626331295,-67563.58148371789,-4.545444137496461e-09,-9.55584141399489e-07,1.4993560975517194e-07
361,3223.94632724598,-72813.6361482199,4.193267614803926e-09,-9.036961094897691e-07,1.4788283517727985e-07
362,9646.60723053917,-72243.7707209835,9.332816387631052e-09,-9.037064740900231e-07,1.3722062611715885e-07
363,15993.770352899899,-71108.49983613081,1.2781545828827659e-08,-9.038641713159303e-07,1.3211328510801122e-07
364,22215.7605370938,-69416.7085275931,1.5451474551677816e-08,-9.035158853734208e-07,1.1608673601574108e-07
365,28263.882273843697,-67181.6373561751,1.78099449957784e-08,-9.030675170933991e-07,9.625603780362395e-08
366,34090.8008102128,-64420.778784214606,1.0892000079684652e-08,-9.022084456506451e-07,9.860493558417829e-08
367,39650.912608226005,-61155.740273347496,1.7599425718082333e-08,-9.007797650333792e-07,8.450561619023437e-08
368,44900.7022543855,-57412.0751768244,2.336706783445722e-08,-8.994306315940963e-07,6.570857149910832e-08
369,49799.0830267824,-53219.0827498741,2.278079788467037e-08,-8.984971539291221e-07,5.192962944479636e-08
370,54307.7184544025,-48609.5788433068,1.9852286900953476e-08,-8.973541251600032e-07,4.207607439109165e-08
371,58391.3223519909,-43619.639074987805,1.9854470092263786e-08,-8.975632688129699e-07,3.001446982469774e-08
372,62017.934982294,-38288.3164892146,1.8141268075439986e-08,-8.977281921774422e-07,1.9353331591043336e-08
373,65159.173184336796,-32657.3359136952,1.5024834639457863e-08,-8.97615874512116e-07,6.963912789506001e-09
374,67790.4525101399,-26770.7674061985,1.3916523713601157e-08,-8.975740183965936e-07,2.6799085881174943e-09
375,69891.1796313587,-20674.6813466005,1.1446993788916094e-08,-8.975761138054594e-07,2.493785029994942e-09
376,71444.9135099985,-14416.787873696301,9.036131410689076e-09,-8.982715382883647e-07,3.017108018219666e-09
377,72439.49407182861,-8046.06348867699,6.377706301822682e-09,-8.994923459023424e-07,4.956631903525672e-09
378,72867.1373754507,-1612.36774760272,4.651038564139596e-09,-9.009974921220848e-07,4.541669570521978e-09
379,72724.49653219369,4833.94695722552,5.201311118349553e-09,-9.027088154869713e-07,4.643233251530099e-09
380,72012.68790005549,11242.429473005901,6.010258493766991e-09,-9.044071979333303e-07,5.792837599486301e-09
381,70737.2823466886,17562.9247351109,6.398812393649429e-09,-9.034604448797122e-07,1.111195472583786e-08
382,68908.26164980681,23745.966298470103,6.77261508093853e-09,-9.029337520640193e-07,1.6647910453976426e-08
383,66539.94037624111,29743.1634795728,9.31059613236226e-09,-9.042346692296572e-07,2.2274194710955053e-08
384,63650.8538510458,35507.5800791763,1.2183417827818851e-08,-9.054721378102454e-07,3.679294995134243e-08
385,60263.613093448905,40994.101721704,1.51449045065742e-08,-9.073830192952957e-07,4.7360043611644925e-08
386,56404.727854969206,46159.7889364019,1.6091538019642642e-08,-9.080497244368647e-07,5.905335876682029e-08
387,52104.3991446679,50964.2132169176,1.739048553322853e-08,-9.091977199344749e-07,7.804757021279197e-08
388,47396.2828653043,55369.7734291768,1.3379658657108912e-08,-9.108461379453054e-07,1.0264583679744821e-07
389,42317.226410264295,59341.990091239306,9.540208033315321e-09,-9.134040414807588e-07,1.2082923547832025e-07
390,36906.9802827479,62849.775221994,9.580821829661694e-09,-9.175338008974131e-07,1.3928601189560812e-07
391,31207.8869941858,65865.6756467619,9.1614667730286e-09,-9.191958521433564e-07,1.3629776781820878e-07
392,25264.549676677,68366.0878556104,8.542164989571957e-09,-9.199384833449606e-07,1.4351503852904892e-07
393,19123.483003005902,70331.4427328209,8.911911620832956e-09,-9.196375239590322e-07,1.77191348298184e-07
394,12832.749146259599,71746.3587117527,8.814215070901212e-09,-9.189001415710948e-07,1.9642667918099177e-07
395,6441.58162815958,72599.7621564566,8.477196900508897e-09,-9.184426225833663e-07,2.068746892812402e-07
396,4.462917507459721e-12,72884.9740278908,2.099132634454269e-11,-9.184353595378036e-07,2.0287268745830464e-07
397,-6441.58162815957,72599.7621564566,-8.499081801139666e-09,-9.185433012657531e-07,2.070722723335363e-07
398,-12832.749146259599,71746.3587117527,-8.772204208375142e-09,-9.188713716158563e-07,1.963321756961572e-07
399,-19123.4830030058,70331.4427328209,-8.741128960246302e-09,-9.196694214373233e-07,1.770176137469934e-07
400,-25264.549676677,68366.0878556104,-8.515549445355862e-09,-9.199654132642597e-07,1.4346651504961065e-07
401,-31207.8869941857,65865.6756467619,-9.054496821835688e-09,-9.192217845730638e-07,1.3635809973050112e-07
402,-36906.9802827479,62849.775221994,-9.5847071571064e-09,-9.175571591933606e-07,1.391009786949158e-07
403,-42317.2264102644,59341.990091239306,-9.530222517534902e-09,-9.134063898130082e-07,1.2113647448426783e-07
404,-47396.2828653043,55369.7734291768,-1.3472815987850254e-08,-9.108219062749776e-07,1.0246888613431702e-07
405,-52104.3991446679,50964.2132169176,-1.7359405189690527e-08,-9.0918604941429e-07,7.794677037652595e-08
406,-56404.727854969206,46159.7889364019,-1.610231673064229e-08,-9.080518017750795e-07,5.911084135105001e-08
407,-60263.613093448905,40994.101721704,-1.5155058560942703e-08,-9.073899779865016e-07,4.717167624841753e-08
408,-63650.8538510458,35507.5800791764,-1.2175132896964317e-08,-9.054709220331535e-07,3.6288808732604745e-08
409,-66539.94037624111,29743.1634795728,-9.364936328590462e-09,-9.042379987346667e-07,2.256394974572109e-08
410,-68908.26164980681,23745.966298470103,-6.7523331772182666e-09,-9.029348992457106e-07,1.6378601985133635e-08
411,-70737.2823466886,17562.924735110802,-6.463095887927082e-09,-9.034574652403861e-07,1.1015766377505865e-08
412,-72012.68790005549,11242.429473005901,-5.9725119230142655e-09,-9.044029517453936e-07,5.790191938766062e-09
413,-72724.49653219369,4833.94695722554,-5.176791892253355e-09,-9.027106161519037e-07,4.720934770421451e-09
414,-72867.1373754507,-1612.36774760271,-4.612934327793018e-09,-9.009991525735242e-07,4.546150275529887e-09
415,-72439.49407182861,-8046.063488676999,-6.477531406555506e-09,-8.99493952612371e-07,4.908957580292598e-09
416,-71444.9135099985,-14416.7878736962,-8.873267697140847e-09,-8.982738454148651e-07,3.1072444183891356e-09
417,-69891.1796313587,-20674.681346600402,-1.1372658612390754e-08,-8.975773542204395e-07,2.383401005717184e-09
418,-67790.4525101399,-26770.7674061985,-1.3906847246374282e-08,-8.975762712846838e-07,2.6619142841374e-09
419,-65159.173184336796,-32657.3359136952,-1.5052111311582532e-08,-8.976140559483271e-07,6.945532806726867e-09
420,-62017.934982294,-38288.3164892146,-1.826661583316111e-08,-8.977292425784179e-07,1.9316079086448e-08
421,-58391.3223519909,-43619.639074987805,-1.9882108710660547e-08,-8.975670867838522e-07,3.032817750079063e-08
422,-54307.718454402595,-48609.5788433068,-1.9842926958770977e-08,-8.973457158264037e-07,4.229079394566244e-08
423,-49799.0830267824,-53219.0827498741,-2.279574511825434e-08,-8.985016956806214e-07,5.199894681195502e-08
424,-44900.7022543855,-57412.0751768243,-2.34864665365472e-08,-8.994310672802926e-07,6.572185505548303e-08
425,-39650.912608226005,-61155.740273347496,-1.7621599627905165e-08,-9.007721689068414e-07,8.451244744269895e-08
426,-34090.800810212895,-64420.778784214504,-1.0916449604182031e-08,-9.022028177075851e-07,9.873346171958638e-08
427,-28263.882273843697,-67181.6373561751,-1.8000557566934628e-08,-9.030696330202217e-07,9.638879308744809e-08
428,-22215.7605370938,-69416.7085275931,-1.5312207857339536e-08,-9.035036669887735e-07,1.1607411735716891e-07
429,-15993.770352899899,-71108.49983613081,-1.265105626651381e-08,-9.038420927225797e-07,1.3182657846843716e-07
430,-9646.60723053921,-72243.7707209834,-9.316244133356807e-09,-9.036886176337763e-07,1.3716563953610996e-07
431,-3223.9463272459902,-72813.6361482199,-4.1975437932283735e-09,-9.037215523073932e-07,1.4789102297641335e-07
432,7.4232699047607e-11,-78188.1796603896,-6.092165453054087e-12,-8.541290227219679e-07,1.3930326196651243e-07
433,6910.27949666113,-77882.2154017423,9.79340770389234e-09,-8.542282693416224e-07,1.356644129269637e-07
434,13766.4766869575,-76966.717210966,1.5819589721386677e-08,-8.544976206837274e-07,1.2567233303890574e-07
435,20514.9325318996,-75448.8501026819,2.033825484752806e-08,-8.542813778693964e-07,1.2008802816282091e-07
436,27102.831214605998,-73340.4934450126,2.4182368524670216e-08,-8.54408084798455e-07,1.009750259826069e-07
437,33478.6134956814,-70658.1479874199,1.88838113515712e-08,-8.533943135132926e-07,8.684952901991159e-08
438,39592.3802341714,-67422.80671996789,1.6088271479794658e-08,-8.525072336782623e-07,8.508259516242842e-08
439,45396.2829159958,-63659.79057471229,2.3938732994092363e-08,-8.505257854620578e-07,6.818407615582858e-08
440,50844.8981334473,-59398.5502550754,2.2694568188069723e-08,-8.498510539911632e-07,5.138651891011447e-08
441,55895.5830849439,-54672.435744161594,2.120193342683693e-08,-8.486636466407128e-07,4.2897751396405716e-08
442,60508.8093127684,-49518.435295921794,1.9734916098821763e-08,-8.480831080306255e-07,3.249259491757133e-08
443,64648.47206684451,-43976.8859519154,2.0495138144670958e-08,-8.488980099477183e-07,2.2276874417727243e-08
444,68282.1728733597,-38091.1578492696,1.8679029415420358e-08,-8.487773136174058e-07,1.0856583065456193e-08
445,71381.4730967492,-31907.3147905527,1.4866483531309637e-08,-8.48721868834685e-07,1.7595161841429513e-09
446,73922.1165105785,-25473.7537320634,1.492555783642381e-08,-8.4867006105407e-07,9.31730239585303e-10
447,75884.2191354026,-18840.826012029003,1.2816282234117462e-08,-8.487443229070068e-07,1.4681725577079048e-09
448,77252.42485786541,-12060.4432831144,1.029141381009948e-08,-8.500188888205902e-07,3.784823969120142e-09
449,78016.02561310661,-5185.67123335605,8.75989857856214e-09,-8.51272650017667e-07,4.1355572276339545e-09
450,78169.04518988829,1729.68572479622,7.099896321640066e-09,-8.529441314775127e-07,2.766177884845456e-09
451,77710.2860025505,8631.50554695738,8.361258950666804e-09,-8.547560183505497e-07,4.662792790053336e-09
452,76643.33846374301,15465.7721351858,8.688057705984369e-09,-8.550876944319814e-07,6.682407425693436e-09
453,74976.5528845778,22178.9980871876,9.744459373949606e-09,-8.54388165999973e-07,1.21668557135543e-08
454,72722.97412212321,28718.6433077601,1.180835090518592e-08,-8.547013420072225e-07,1.7161521486048656e-08
455,69900.2394857105,35033.5262062738,1.531450479358263e-08,-8.560182777775769e-07,2.422805913090999e-08
456,66530.4407010748,41074.224262012896,1.6837182190856093e-08,-8.575307550390123e-07,3.602249535004062e-08
457,62639.951012647696,46793.4608224103,1.891843903114317e-08,-8.596886285711739e-07,4.613616128604595e-08
458,58259.2187771622,52146.475106953294,1.9338472896962693e-08,-8.594712101596726e-07,6.210712462955454e-08
459,53422.529163977204,57091.3725209804,2.0651850618737752e-08,-8.610986776395868e-07,8.03453228152801e-08
460,48167.735827142,61589.4525376871,1.4271123670181291e-08,-8.630485907239534e-07,1.0546692057223102e-07
461,42535.9646492295,65605.5115822204,1.4917598303355664e-08,-8.659095861448615e-07,1.2286231747139114e-07
462,36571.2918755444,69108.1185473827,1.520901561562251e-08,-8.688203409303252e-07,1.2642320083967523e-07
463,30320.3991577431,72069.8607846615,1.4169897407969936e-08,-8.701101266988607e-07,1.2866059206164615e-07
464,23832.2082066158,74467.5586453717,1.637911271066302e-08,-8.703538947189913e-07,1.4251824330599562e-07
465,17157.497913369698,76282.4468928342,1.8004215416293356e-08,-8.695238003680212e-07,1.8159228510021975e-07
466,10348.506935956,77500.3215657963,1.8812724799026676e-08,-8.690283010681228e-07,1.9130581253926439e-07
467,3458.52486074422,78111.6511436864,1.8455158996891406e-08,-8.689578875733271e-07,1.9529569057218975e-07
468,-3458.52486074423,78111.6511436864,-1.844532584982957e-08,-8.689329472306656e-07,1.9539744756891526e-07
469,-10348.506935956,77500.3215657963,-1.882551673310842e-08,-8.691179074373589e-07,1.9102932670685498e-07
470,-17157.497913369698,76282.4468928342,-1.8095682660008456e-08,-8.694770904505743e-07,1.8164705822811533e-07
471,-23832.2082066158,74467.5586453717,-1.6399041115434146e-08,-8.703822107075982e-07,1.42687440095052e-07
472,-30320.3991577431,72069.8607846615,-1.4192220452794718e-08,-8.701404561921008e-07,1.2862922753845713e-07
473,-36571.2918755444,69108.1185473827,-1.5198612599800416e-08,-8.687596634170576e-07,1.2638492345529375e-07
474,-42535.9646492295,65605.5115822204,-1.5042685256596263e-08,-8.659162287686967e-07,1.226730931222235e-07
475,-48167.735827142,61589.4525376871,-1.4207658330602274e-08,-8.630541906126991e-07,1.0512975093048138e-07
476,-53422.529163977204,57091.3725209804,-2.0695606422493277e-08,-8.61075307735003e-07,8.061917788768061e-08
477,-58259.2187771622,52146.475106953294,-1.9355673456530284e-08,-8.594749213743785e-07,6.203442971383195e-08
478,-62639.951012647696,46793.4608224103,-1.8924348225693537e-08,-8.597041909335308e-07,4.5980877045068456e-08
479,-66530.4407010748,41074.224262012896,-1.6816826573922918e-08,-8.575337471131058e-07,3.6013805723892576e-08
480,-69900.2394857105,35033.5262062738,-1.532337892634183e-08,-8.560254009624974e-07,2.4490479022999337e-08
481,-72722.97412212321,28718.6433077601,-1.1789681545606368e-08,-8.547002769216676e-07,1.714221338028699e-08
482,-74976.5528845778,22178.9980871876,-9.837606786894262e-09,-8.54385478233131e-07,1.2113823448796218e-08
483,-76643.33846374301,15465.7721351858,-8.724192807645147e-09,-8.550839091035366e-07,6.679234241233312e-09
484,-77710.2860025505,8631.50554695739,-8.368440715997151e-09,-8.547579200175868e-07,4.6420404016807466e-09
485,-78169.04518988829,1729.68572479621,-7.0421196392421815e-09,-8.529458941330554e-07,2.764902662261145e-09
486,-78016.02561310661,-5185.67123335607,-8.853681334527733e-09,-8.512742680459958e-07,4.1341211174337576e-09
487,-77252.42485786541,-12060.4432831144,-1.0445507963194364e-08,-8.500190808451396e-07,3.7885077154007624e-09
488,-75884.2191354027,-18840.826012029003,-1.2841476531349128e-08,-8.487452677878081e-07,1.479822551340134e-09
489,-73922.1165105785,-25473.7537320635,-1.5004000303091152e-08,-8.486711199873e-07,8.334926859058157e-10
490,-71381.4730967492,-31907.3147905527,-1.4861791662366378e-08,-8.487226264603658e-07,1.777288285207208e-09
491,-68282.1728733597,-38091.1578492696,-1.875298403938083e-08,-8.487737002901121e-07,1.0869403917218784e-08
492,-64648.47206684451,-43976.8859519154,-2.0475278560170055e-08,-8.488945018282657e-07,2.2171536888538815e-08
493,-60508.8093127684,-49518.435295921794,-1.9726592917970247e-08,-8.480819472516564e-07,3.246999703636118e-08
494,-55895.5830849439,-54672.4357441617,-2.1121281795017585e-08,-8.486711640292851e-07,4.286244510485009e-08
495,-50844.8981334473,-59398.5502550754,-2.2763526305751675e-08,-8.498515297677672e-07,5.146719773221909e-08
496,-45396.2829159958,-63659.79057471229,-2.389694774728819e-08,-8.505215090439842e-07,6.817487378303254e-08
497,-39592.3802341714,-67422.80671996789,-1.604445229553745e-08,-8.525105241197499e-07,8.51669470221379e-08
498,-33478.6134956814,-70658.1479874199,-1.8674212958548998e-08,-8.534046576757872e-07,8.683198059362687e-08
499,-27102.831214605998,-73340.4934450126,-2.4308579543170073e-08,-8.544230731751745e-07,1.0064121677204205e-07
500,-20514.9325318996,-75448.8501026819,-2.0365012446354194e-08,-8.54285449256111e-07,1.202007954077795e-07
501,-13766.4766869576,-76966.717210966,-1.593447807603666e-08,-8.545219799180986e-07,1.2552399322965354e-07
502,-6910.2794966611,-77882.2154017423,-9.847685666051488e-09,-8.542791518139654e-07,1.355782752523231e-07
503,3704.83831922218,-83674.70236214131,5.156350711629186e-09,-8.073369204127614e-07,1.3214432306728825e-07
504,11085.519574613001,-83019.83436580311,1.5371377972759093e-08,-8.073770701938446e-07,1.223946510886577e-07
505,18379.4416090296,-81715.2236031009,2.232545557360009e-08,-8.077669468031802e-07,1.1684644879403064e-07
506,25529.5195930876,-79771.0804221095,2.7496823059711774e-08,-8.074219159208981e-07,1.0430069680265553e-07
507,32479.7944721277,-77202.62037918699,2.683556049063046e-08,-8.071951818670651e-07,8.640263826084603e-08
508,39175.870921690504,-74029.9451566159,2.474433253113574e-08,-8.061803710766525e-07,8.355185612007652e-08
509,45565.3430646822,-70277.88523968491,2.3142438523087053e-08,-8.04803230417891e-07,6.97087514761969e-08
510,51598.2046184173,-65975.80558447499,2.2741810536892583e-08,-8.033263584918531e-07,5.458867837319935e-08
511,57227.2402615819,-61157.375797263296,2.1418496097580683e-08,-8.02546632754055e-07,4.156897848963879e-08
512,62408.3951581395,-55860.306624203295,1.9771534332339568e-08,-8.017283535747418e-07,3.393035609031931e-08
513,67101.11974615531,-50126.054813605995,2.0287782722844434e-08,-8.017386378486712e-07,2.4334616490837096e-08
514,71268.6870930968,-43999.4986606753,1.7930463719239192e-08,-8.024950162164745e-07,1.162654079075281e-08
515,74878.48033387751,-37528.5867739997,1.559553625749881e-08,-8.023597869807271e-07,4.0441302858844415e-09
516,77902.2479420499,-30763.962812679,1.5072459000298468e-08,-8.0231543631133e-07,-1.7761336271864108e-10
517,80316.32483630421,-23758.5691310267,1.2338373524592542e-08,-8.022867850311126e-07,2.877713229129806e-10
518,82101.81759181649,-16567.232432865603,1.0246018017998723e-08,-8.027538786024222e-07,1.693786137883543e-09
519,83244.75230691451,-9246.234678233399,8.922031346774468e-09,-8.042098319157299e-07,3.482711016366841e-09
520,83736.1839678042,-1852.87260073568,8.287592445173475e-09,-8.056754613069605e-07,2.6863759552657167e-09
521,83572.2664554316,5554.9907170803,9.548667161440059e-09,-8.074388529592286e-07,3.769009455006291e-09
522,82754.2826465786,12919.3787008003,9.785156067720702e-09,-8.093232587373267e-07,4.027665577394056e-09
523,81288.63437361279,20182.6550294456,1.1442112826763222e-08,-8.083884377081016e-07,7.184125403247902e-09
524,79186.79232146959,27287.974717830402,1.3071681763897911e-08,-8.078759150321442e-07,1.1499487358058446e-08
525,76465.2062539898,34179.7290056446,1.6735204214556473e-08,-8.089852863777772e-07,1.565233721132237e-08
526,73145.1762722142,40803.9805714004,1.981490315460765e-08,-8.102881444176961e-07,2.6703286345851403e-08
527,69252.6861122132,47108.8856651033,2.0078768622976708e-08,-8.121812901683989e-07,3.63463408206444e-08
528,64818.199787122096,53045.099855889,2.2228151593679878e-08,-8.128946658434154e-07,4.8651719790620564e-08
529,59876.4231649333,58566.1642190979,2.4365798433518245e-08,-8.138239764522647e-07,6.323776334336425e-08
530,54466.032348024004,63628.8689403521,2.4605809587944945e-08,-8.154252417107344e-07,9.070674700814219e-08
531,48629.3709802155,68193.5914909391,2.210662661014717e-08,-8.169896457315207e-07,1.0760456556546699e-07
532,42412.1188503487,72224.606727821,2.308837552318214e-08,-8.208689405232918e-07,1.1980455429994853e-07
533,35862.934386002,75690.3664913166,2.1745004251507596e-08,-8.229342267625312e-07,1.1630939319843234e-07
534,29033.0738353213,78563.7465122259,1.9425676633763846e-08,-8.235453864987976e-07,1.2474588058294879e-07
535,21975.990117382702,80822.2586960127,2.3144402271198265e-08,-8.228370712708024e-07,1.458030459235021e-07
536,14746.9144806271,82448.22712263481,2.7439456904321615e-08,-8.221963767605479e-07,1.7405075522812888e-07
537,7402.424243454951,83428.9263845845,2.6401497282449928e-08,-8.219526152041607e-07,1.8730812896197718e-07
538,5.12861757574252e-12,83756.6811804558,1.9620960395753456e-11,-8.219118840806269e-07,1.846511549000064e-07
539,-7402.42424345494,83428.9263845845,-2.6338913739373985e-08,-8.219579802621847e-07,1.870975036885049e-07
540,-14746.9144806271,82448.22712263481,-2.742740768084809e-08,-8.222452985376766e-07,1.738106507074538e-07
541,-21975.990117382702,80822.2586960127,-2.3133193101566938e-08,-8.228698716891565e-07,1.4591495605755225e-07
542,-29033.0738353212,78563.7465122259,-1.94319389247603e-08,-8.234952921242215e-07,1.2498494920661807e-07
543,-35862.934386002,75690.3664913166,-2.1738742513924344e-08,-8.229245399469119e-07,1.1617687145088001e-07
544,-42412.1188503487,72224.606727821,-2.3079721437310173e-08,-8.208794626896447e-07,1.198944943032524e-07
545,-48629.3709802155,68193.5914909391,-2.2112750658140954e-08,-8.169594770674794e-07,1.0721458644152003e-07
546,-54466.032348024004,63628.8689403521,-2.451525999839798e-08,-8.154603563386746e-07,9.124131991674509e-08
547,-59876.4231649333,58566.1642190979,-2.4394214657020447e-08,-8.138314038096615e-07,6.333332969197367e-08
548,-64818.199787122096,53045.099855889,-2.2275173106070596e-08,-8.128926465633683e-07,4.8801859621159575e-08
549,-69252.6861122132,47108.8856651033,-2.013759500061753e-08,-8.121858080188056e-07,3.655943073591743e-08
550,-73145.1762722142,40803.9805714004,-1.9739128457249475e-08,-8.102964723494037e-07,2.643845453868842e-08
551,-76465.2062539898,34179.7290056446,-1.6689945127115685e-08,-8.089833239156115e-07,1.5877942508252375e-08
552,-79186.79232146959,27287.974717830402,-1.3144516112590816e-08,-8.078770815689018e-07,1.1707985989276156e-08
553,-81288.63437361279,20182.6550294456,-1.1323433058759935e-08,-8.083852844262042e-07,7.250247713840718e-09
554,-82754.2826465786,12919.3787008003,-9.843174796497517e-09,-8.093231283512599e-07,4.027405737021358e-09
555,-83572.2664554316,5554.99071708033,-9.514904358188009e-09,-8.074407079972343e-07,3.750024095903623e-09
556,-83736.1839678042,-1852.87260073567,-8.273943063697298e-09,-8.056771726752247e-07,2.7104799680725736e-09
557,-83244.75230691451,-9246.23467823341,-8.852153299736852e-09,-8.042122743222918e-07,3.397362727727909e-09
558,-82101.81759181649,-16567.232432865603,-1.0241827383609275e-08,-8.02752689962284e-07,1.7435905709251486e-09
559,-80316.32483630421,-23758.5691310267,-1.2320296737696e-08,-8.022880478428177e-07,3.3803512587800497e-10
560,-77902.2479420499,-30763.962812679,-1.5046735489498988e-08,-8.023158107071011e-07,-1.9307708245378144e-10
561,-74878.48033387751,-37528.5867739997,-1.5554168996584286e-08,-8.023579244850955e-07,4.000672897583309e-09
562,-71268.6870930968,-43999.4986606753,-1.7921906246402294e-08,-8.024961142442566e-07,1.1592758591376547e-08
563,-67101.11974615531,-50126.054813605995,-2.0358592420223897e-08,-8.017379495805819e-07,2.439060063221085e-08
564,-62408.395158139596,-55860.306624203295,-1.976336480061421e-08,-8.017306374391535e-07,3.410726621616469e-08
565,-57227.2402615819,-61157.375797263296,-2.1411243919227455e-08,-8.025442901604237e-07,4.154532020971305e-08
566,-51598.2046184173,-65975.80558447499,-2.273766245078859e-08,-8.033226265048295e-07,5.455759430055176e-08
567,-45565.3430646822,-70277.88523968491,-2.3156230202199724e-08,-8.048120814503852e-07,6.947931563977103e-08
568,-39175.8709216906,-74029.9451566158,-2.470186346592281e-08,-8.06175025194941e-07,8.350338053663093e-08
569,-32479.7944721277,-77202.62037918689,-2.698633994249493e-08,-8.071843232001281e-07,8.631312321468967e-08
570,-25529.5195930876,-79771.0804221095,-2.763597608452522e-08,-8.074326587264837e-07,1.0413620369833177e-07
571,-18379.4416090296,-81715.2236031009,-2.22138538434644e-08,-8.077466446012448e-07,1.1681579712864021e-07
572,-11085.5195746131,-83019.83436580311,-1.5370264346006573e-08,-8.07376929347201e-07,1.2231441275891106e-07
573,-3704.83831922219,-83674.70236214131,-5.1544323523233194e-09,-8.073335292753149e-07,1.3203743056973636e-07
574,8.5076155805766e-11,-89609.4287328889,-5.861576576732002e-12,-7.62723281397729e-07,1.2213762845942472e-07
575,7919.69068432093,-89258.7710944946,1.0176277714918769e-08,-7.630233026345036e-07,1.2183461015777118e-07
576,15777.3990511234,-88209.5425507711,2.038083201341492e-08,-7.630572550459304e-07,1.109514428355735e-07
577,23511.6278785627,-86469.95473766999,2.8446885481388438e-08,-7.632424088213788e-07,1.0546950942361901e-07
578,31061.8463396089,-84053.62228844881,2.7654801321357026e-08,-7.630256804723478e-07,8.987149081102653e-08
579,38368.9637378399,-80979.4562807075,2.396783898361758e-08,-7.623776218248962e-07,7.349197042338811e-08
580,45375.791972258594,-77271.5162315649,2.0460274774391422e-08,-7.614879614265104e-07,6.982352729860563e-08
581,52027.4931117218,-72958.82179931659,1.938823695108304e-08,-7.595997064544224e-07,5.660718128243496e-08
582,58272.0085761035,-68075.12566526199,1.8154635412687613e-08,-7.588972074249762e-07,4.261410739059402e-08
583,64060.466565268,-62658.64937321,1.670980557052846e-08,-7.577438113601074e-07,3.4442272263610284e-08
584,69347.5645471686,-56751.784194076004,1.738379801657436e-08,-7.573939619361936e-07,2.6098036627994857e-08
585,74091.9238115845,-50400.7593567106,1.6540748642039024e-08,-7.584928630519984e-07,1.5882536010534464e-08
586,78256.4133146317,-43655.28024150369,1.3927314204082431e-08,-7.584474968139804e-07,6.819436661716981e-09
587,81808.4402795253,-36568.1393683906,1.3344307446486628e-08,-7.583820290598331e-07,7.887894744457213e-10
588,84720.2052792488,-29194.803223803898,1.2182937781716093e-08,-7.583194283660936e-07,-1.0632985118789697e-09
589,86968.91980476261,-21592.9781602139,1.0740549330327605e-08,-7.583460265936959e-07,6.691492782801949e-10
590,88536.98461598449,-13822.1587656783,8.422131335349803e-09,-7.595217411051636e-07,1.863538689259163e-09
591,89412.127479706,-5943.16223802589,9.114840420641827e-09,-7.608282100928618e-07,2.5481690417965707e-09
592,89587.4992164559,1982.3475921763102,1.0398398400434789e-08,-7.6253141798756e-07,2.1801152991189177e-09
593,89061.72730461639,9892.342864703529,1.179499798291354e-08,-7.643770521761071e-07,3.7234686737684953e-09
594,87838.92662226541,17724.9171417802,1.3498748413330505e-08,-7.648644543092555e-07,3.740026427873737e-09
595,85928.66724267679,25418.7699098917,1.5025254720009285e-08,-7.641752523024644e-07,7.81857034404517e-09
596,83345.8995355214,32913.6863394163,1.7552215708863596e-08,-7.642125722459173e-07,1.193179080290665e-08
597,80110.83715995331,40151.0085473097,2.1224382805554873e-08,-7.656528286194976e-07,1.6578628038274745e-08
598,76248.79886532131,47074.094674571,2.2602314245421034e-08,-7.671251802080749e-07,2.250058861441276e-08
599,71790.0103376258,53628.7621855873,2.4216219607562426e-08,-7.693331524951738e-07,3.720846525358119e-08
600,66769.36764254491,59763.7119199383,2.6414268054256322e-08,-7.687203166873379e-07,5.0870510608530276e-08
601,61226.1641164066,65430.92957788041,2.9364570468090362e-08,-7.70585130407305e-07,6.706895398196928e-08
602,55203.782842556,70586.0614973424,2.9784622650523875e-08,-7.719822513582153e-07,9.279094889050784e-08
603,48749.3571199074,75188.7617814685,2.6024659548988593e-08,-7.738278878452416e-07,1.0671257744105647e-07
604,41913.4015809743,79203.0080599637,2.5728513484213556e-08,-7.771823092633843e-07,1.062945034291841e-07
605,34749.4168463799,82597.3834129824,2.2031170835944944e-08,-7.785212926487073e-07,1.1113337010416918e-07
606,27313.4708099619,85345.3222511231,2.4271428990912045e-08,-7.784663682882606e-07,1.283708419068782e-07
607,19663.7598314836,87425.31822718421,2.7893754534622337e-08,-7.77609672522619e-07,1.5568073101491552e-07
608,11860.153271213,88821.0925524902,3.198021527426936e-08,-7.773565919126139e-07,1.69443077411848e-07
609,3963.72493100499,89521.72140048479,3.045448472527287e-08,-7.772933413511798e-07,1.7607084676629825e-07
610,-3963.7249310049997,89521.72140048479,-3.041070473841467e-08,-7.772595678326509e-07,1.7610548371387524e-07
611,-11860.153271213,88821.0925524902,-3.1976611986055275e-08,-7.773567864860105e-07,1.693137227674714e-07
612,-19663.7598314836,87425.31822718421,-2.785267423316367e-08,-7.776185120042513e-07,1.5554536497876285e-07
613,-27313.470809962,85345.3222511231,-2.426307321734641e-08,-7.784716193493568e-07,1.2816145847770077e-07
614,-34749.4168463799,82597.3834129824,-2.2109390023077556e-08,-7.784862234628198e-07,1.1133658747616259e-07
615,-41913.4015809743,79203.0080599637,-2.57350097289633e-08,-7.77164318760978e-07,1.06196446611217e-07
616,-48749.3571199075,75188.7617814685,-2.604195652638167e-08,-7.737965259264892e-07,1.0668714045490667e-07
617,-55203.782842556,70586.0614973424,-2.9699928768735854e-08,-7.719605361123392e-07,9.29067548602634e-08
618,-61226.1641164066,65430.92957788041,-2.9305577085482593e-08,-7.706099562219467e-07,6.734474297121059e-08
619,-66769.36764254491,59763.7119199383,-2.644676256256816e-08,-7.687173679053835e-07,5.0933575060928e-08
620,-71790.0103376258,53628.7621855873,-2.417157534597614e-08,-7.693408952543414e-07,3.7163367808286624e-08
621,-76248.79886532131,47074.094674571,-2.27428148112922e-08,-7.671346992543335e-07,2.224084119622247e-08
622,-80110.83715995331,40151.0085473097,-2.1194144565179002e-08,-7.656514008288883e-07,1.6326365198551935e-08
623,-83345.8995355214,32913.6863394163,-1.7579069907502656e-08,-7.642102357665001e-07,1.2104303391021591e-08
624,-85928.66724267679,25418.7699098917,-1.5136349892541923e-08,-7.641724806089168e-07,8.013181527518436e-09
625,-87838.92662226541,17724.9171417802,-1.34998228882566e-08,-7.648605929115655e-07,3.72725827914549e-09
626,-89061.72730461639,9892.34286470354,-1.1751259997658782e-08,-7.643789890661894e-07,3.705789151320384e-09
627,-89587.4992164559,1982.3475921763002,-1.0401456052222438e-08,-7.62533213663776e-07,2.196589198733698e-09
628,-89412.127479706,-5943.1622380259105,-9.113202369707687e-09,-7.608298592521541e-07,2.534760358264227e-09
629,-88536.98461598449,-13822.1587656783,-8.630076020573781e-09,-7.595220402652094e-07,1.8833005623349864e-09
630,-86968.91980476261,-21592.9781602139,-1.048524444983668e-08,-7.583482175056233e-07,6.290740745779342e-10
631,-84720.2052792488,-29194.803223803898,-1.228481489368812e-08,-7.583205339288769e-07,-1.0591894076576427e-09
632,-81808.4402795253,-36568.1393683906,-1.3364261456460733e-08,-7.5838279510842e-07,7.533386752532565e-10
633,-78256.4133146317,-43655.28024150369,-1.3973240631454172e-08,-7.584488809455605e-07,6.8280389133479e-09
634,-74091.9238115845,-50400.7593567106,-1.6457669846515243e-08,-7.584915867732495e-07,1.601891737358807e-08
635,-69347.5645471686,-56751.784194076004,-1.736669604558777e-08,-7.573943542027693e-07,2.610014799217895e-08
636,-64060.466565268,-62658.64937321,-1.665149643138096e-08,-7.577515599078051e-07,3.4475507791144445e-08
637,-58272.0085761035,-68075.12566526199,-1.8145331632710653e-08,-7.588822180922897e-07,4.2622576080184574e-08
638,-52027.4931117218,-72958.82179931659,-1.9362038059193756e-08,-7.5960519521872e-07,5.660059408565569e-08
639,-45375.791972258594,-77271.5162315649,-2.0466275922475612e-08,-7.614954912405373e-07,6.979984977177135e-08
640,-38368.9637378399,-80979.4562807075,-2.3978886562033382e-08,-7.623943331925884e-07,7.346400367740024e-08
641,-31061.8463396089,-84053.62228844881,-2.765192430916183e-08,-7.630397461580394e-07,8.971908911811709e-08
642,-23511.6278785627,-86469.95473766999,-2.849877527445274e-08,-7.632373598224701e-07,1.0569711450083514e-07
643,-15777.3990511234,-88209.5425507711,-2.037385397075992e-08,-7.630226605089987e-07,1.1111612891831064e-07
644,-7919.6906843209,-89258.7710944946,-1.016935737035733e-08,-7.630102778227976e-07,1.2173821821913608e-07
