# fixed mirror figure, mode=mean_cos, layout=pf36000
# generated 2026-08-01 by scripts/build_fixed_shapes.py: 4876 timesteps over 365 days of 2026, day stride 1
# mean_cos weight = trapezoid daylight hours x cos(AOI); median = time-weighted component-wise median
heliostat,x_mm,y_mm,c3,c4,c5
0,2940.51420988683,-29855.541800165898,-1.0602486446102446e-08,-1.5617502077392526e-06,1.375185248243795e-07
1,8708.540317633871,-28708.2100719662,-3.2311714113282583e-08,-1.563216536795283e-06,1.3455251920043272e-07
2,14141.9021047799,-26457.637930450597,-5.5477842250234806e-08,-1.5659935508721738e-06,1.2715907284113292e-07
3,19031.7985249093,-23190.3136008821,-8.075836924546294e-08,-1.569773582609214e-06,1.115943345491048e-07
4,23190.3136008821,-19031.7985249093,-1.0630860268065727e-07,-1.5741113595944118e-06,8.079086108056514e-08
5,26457.637930450597,-14141.9021047799,-1.1741850489057145e-07,-1.5784615775698828e-06,2.0391859628337537e-08
6,28708.2100719662,-8708.54031763386,-9.457649279258171e-08,-1.5822488879702797e-06,-3.5326857987165436e-08
7,29855.541800165898,-2940.51420988681,-4.642685364687617e-08,-1.5849646026382804e-06,-3.998171513361299e-08
8,29855.541800165898,2940.51420988682,-3.5544414707383635e-09,-1.5862657454084983e-06,-3.1483771019415897e-08
9,28708.2100719662,8708.540317633871,4.15725945369537e-08,-1.586046886485268e-06,-1.9224918978928824e-08
10,26457.637930450597,14141.9021047799,9.07130522127629e-08,-1.584464509254634e-06,1.1207864290526145e-08
11,23190.3136008821,19031.7985249093,1.201116142556738e-07,-1.581905074449701e-06,7.128303575411862e-08
12,19031.7985249093,23190.3136008821,1.188313621791191e-07,-1.5789024351427546e-06,1.2923492190631656e-07
13,14141.9021047799,26457.637930450597,9.016220712574156e-08,-1.5760296520548418e-06,1.688131494466093e-07
14,8708.540317633871,28708.2100719662,4.389267896601233e-08,-1.5737979848764878e-06,1.903027337969516e-07
15,2940.51420988681,29855.541800165898,1.861073242605248e-08,-1.5725834221948104e-06,1.9752402526588224e-07
16,-2940.51420988681,29855.541800165898,-1.8611492493883215e-08,-1.5725834554773609e-06,1.9752571904563303e-07
17,-8708.540317633871,28708.2100719662,-4.389288423898752e-08,-1.5737980832840262e-06,1.9030021204586692e-07
18,-14141.9021047799,26457.637930450597,-9.016227695911254e-08,-1.5760298109213255e-06,1.6881512494453443e-07
19,-19031.7985249093,23190.3136008821,-1.1882894614723725e-07,-1.578902645517337e-06,1.2923322721483745e-07
20,-23190.3136008821,19031.7985249093,-1.2011119877107234e-07,-1.5819053213511718e-06,7.128441837642864e-08
21,-26457.637930450597,14141.9021047799,-9.071313153850724e-08,-1.5844647697107958e-06,1.1207462352290212e-08
22,-28708.2100719662,8708.540317633871,-4.157443454033808e-08,-1.5860471290612004e-06,-1.9229073338813953e-08
23,-29855.541800165898,2940.51420988681,3.55552034352838e-09,-1.5862659343008854e-06,-3.148983298450857e-08
24,-29855.541800165898,-2940.51420988681,4.643011678507968e-08,-1.5849647079667687e-06,-3.998519400177539e-08
25,-28708.2100719662,-8708.54031763386,9.457849047602609e-08,-1.582248898006843e-06,-3.5328556721481134e-08
26,-26457.637930450597,-14141.9021047799,1.1742539349738019e-07,-1.5784615042249069e-06,2.0388621628196886e-08
27,-23190.3136008821,-19031.7985249093,1.0630782915364785e-07,-1.5741112329185845e-06,8.079332962056462e-08
28,-19031.7985249093,-23190.3136008821,8.075762299350471e-08,-1.569773439188828e-06,1.1159594183655359e-07
29,-14141.9021047799,-26457.637930450597,5.547690001326722e-08,-1.565993423856776e-06,1.271599550838341e-07
30,-8708.540317633871,-28708.2100719662,3.2310771200093e-08,-1.5632164508055115e-06,1.3455298278718543e-07
31,-2940.51420988681,-29855.541800165898,1.0601552801719122e-08,-1.561750177463014e-06,1.3751866382813087e-07
32,2.1440270314032197e-12,-35014.618629566896,-4.3567689561383325e-13,-1.4590167585092571e-06,1.5715626500065295e-07
33,6831.01322371415,-34341.822550811994,-1.496699883433615e-08,-1.4598650981690642e-06,1.5630709582352596e-07
34,13399.5144401173,-32349.289490545303,-3.099410858932637e-08,-1.4623263587438434e-06,1.531899239104419e-07
35,19453.079831121,-29113.5913768475,-4.931389665624444e-08,-1.4661480655152173e-06,1.4568982088077417e-07
36,24759.0742736276,-24759.0742736276,-7.101224003065998e-08,-1.470909623857817e-06,1.2870333274917e-07
37,29113.5913768475,-19453.079831121,-9.344273310239383e-08,-1.4760397647603795e-06,8.993181101555193e-08
38,32349.289490545303,-13399.5144401173,-9.943733549706255e-08,-1.4808710290371698e-06,1.4489324871580795e-08
39,34341.822550811994,-6831.01322371414,-4.840307396116905e-08,-1.48474120818617e-06,-4.3011324401137896e-09
40,35014.618629566896,0.0,-1.0876584278361829e-08,-1.487121639844109e-06,1.260806347662475e-08
41,34341.822550811994,6831.01322371414,2.1106538891477706e-08,-1.4877297666098893e-06,2.1332304038503424e-08
42,32349.289490545303,13399.5144401173,6.75652596993552e-08,-1.486592644724096e-06,3.2197729620189085e-08
43,29113.5913768475,19453.079831121,1.1609430062279566e-07,-1.4840452799748868e-06,7.146142156970756e-08
44,24759.0742736276,24759.0742736276,1.2438495480044913e-07,-1.4806571855226514e-06,1.38155891260159e-07
45,19453.079831121,29113.5913768475,8.495524386696542e-08,-1.4771052042237264e-06,1.870119212149364e-07
46,13399.5144401173,32349.289490545303,5.293077619129494e-08,-1.4740388838190725e-06,2.0055090095009503e-07
47,6831.01322371414,34341.822550811994,2.4534524946986244e-08,-1.4719782822814532e-06,2.1503268146640021e-07
48,2.1440270314032197e-12,35014.618629566896,-7.795786242412528e-13,-1.4712538522386415e-06,2.16052715956799e-07
49,-6831.013223714131,34341.822550811994,-2.4534702847280908e-08,-1.471978354048084e-06,2.150325610328063e-07
50,-13399.5144401172,32349.289490545303,-5.2933052047916606e-08,-1.4740390248709873e-06,2.0055176499871955e-07
51,-19453.079831121,29113.5913768475,-8.495296965945836e-08,-1.4771054087889677e-06,1.870112773712956e-07
52,-24759.0742736276,24759.0742736276,-1.243865495208434e-07,-1.480657442756101e-06,1.3815523288409316e-07
53,-29113.5913768475,19453.079831121,-1.1609439617354e-07,-1.484045571046562e-06,7.146019571411475e-08
54,-32349.289490545303,13399.5144401173,-6.757032795928289e-08,-1.4865929395001535e-06,3.2191376794189984e-08
55,-34341.822550811994,6831.01322371415,-2.110875269456717e-08,-1.487730023365068e-06,2.132039655830013e-08
56,-35014.618629566896,4.288054062806439e-12,1.0790058436698071e-08,-1.487121813768109e-06,1.2816071480041927e-08
57,-34341.822550811994,-6831.01322371414,4.840743366951173e-08,-1.4847412691503063e-06,-4.298883522049558e-09
58,-32349.289490545303,-13399.5144401172,9.944115747872313e-08,-1.4808709770826894e-06,1.4495053957539761e-08
59,-29113.5913768475,-19453.079831121,9.344395337942661e-08,-1.4760396297625262e-06,8.993467447677573e-08
60,-24759.0742736276,-24759.0742736276,7.101131091903936e-08,-1.4709094505477848e-06,1.287051831272772e-07
61,-19453.079831121,-29113.5913768475,4.931292467421476e-08,-1.4661478972568803e-06,1.4569082487925644e-07
62,-13399.5144401172,-32349.289490545303,3.0993174722191356e-08,-1.462326228886208e-06,1.5319045272136622e-07
63,-6831.01322371415,-34341.822550811994,1.4966113114249795e-08,-1.4598650281140765e-06,1.5630732749911336e-07
64,3946.5776840866197,-40070.2756744661,-4.489808429146745e-09,-1.3587205060764541e-06,1.6511597787073907e-07
65,11688.0682851266,-38530.3974519658,-1.3923218963312143e-08,-1.360563568545182e-06,1.6403498946115736e-07
66,18980.3929767134,-35509.817663482405,-2.48788535812072e-08,-1.3640764015496846e-06,1.608750231743689e-07
67,25543.3118105322,-31124.6154963265,-3.890818067436907e-08,-1.3689048672665533e-06,1.5286132259048973e-07
68,31124.6154963265,-25543.3118105322,-5.7675259590212384e-08,-1.3745103358137577e-06,1.3264678578200038e-07
69,35509.817663482405,-18980.3929767134,-7.759336464180108e-08,-1.3801950186914729e-06,8.359812640301838e-08
70,38530.3974519658,-11688.0682851266,-4.94645935606397e-08,-1.385185377257717e-06,3.05882087561823e-08
71,40070.2756744661,-3946.5776840865997,-1.2438975899653537e-08,-1.3887747421887768e-06,3.5562134259528805e-08
72,40070.2756744661,3946.57768408661,1.1346300578239753e-08,-1.3904766773925782e-06,4.279427011655034e-08
73,38530.3974519658,11688.0682851266,4.293736610395379e-08,-1.3901331314853122e-06,5.10918511186281e-08
74,35509.817663482405,18980.3929767134,8.901529778519317e-08,-1.3879549253998906e-06,7.932685225786139e-08
75,31124.6154963265,25543.3118105322,1.232384996261682e-07,-1.3844806866026689e-06,1.2700680529219254e-07
76,25543.3118105322,31124.6154963265,8.368461623611556e-08,-1.3804494045504691e-06,1.7329872767410912e-07
77,18980.3929767134,35509.817663482405,5.2828028137443084e-08,-1.3766322655488648e-06,2.0395299294299826e-07
78,11688.0682851266,38530.3974519658,2.775747371817544e-08,-1.373692355808895e-06,2.155843861701636e-07
79,3946.5776840865997,40070.2756744661,9.471499869624814e-09,-1.3721012924434588e-06,2.2195904051180353e-07
80,-3946.57768408661,40070.2756744661,-9.472252106031242e-09,-1.3721013301854148e-06,2.2195931680592955e-07
81,-11688.0682851266,38530.3974519658,-2.7758540561300143e-08,-1.3736924681259986e-06,2.1558413424472568e-07
82,-18980.3929767134,35509.817663482405,-5.2827984975841714e-08,-1.376632449314979e-06,2.039535866578597e-07
83,-25543.3118105322,31124.615496326398,-8.368948031618482e-08,-1.3804496530843534e-06,1.733000889379862e-07
84,-31124.6154963265,25543.3118105322,-1.2323575572034307e-07,-1.3844809869425983e-06,1.270042416646707e-07
85,-35509.817663482405,18980.3929767134,-8.902551673021662e-08,-1.3879552536856925e-06,7.93168480719032e-08
86,-38530.3974519658,11688.0682851266,-4.293760116308207e-08,-1.390133447877231e-06,5.109588553632274e-08
87,-40070.2756744661,3946.5776840865997,-1.1344800693937932e-08,-1.3904769276966392e-06,4.2793713809038765e-08
88,-40070.2756744661,-3946.57768408661,1.2458290356106236e-08,-1.3887748752046804e-06,3.557539456769176e-08
89,-38530.3974519658,-11688.0682851266,4.947577845709293e-08,-1.3851853716123784e-06,3.060442524665221e-08
90,-35509.817663482405,-18980.3929767134,7.759213849290991e-08,-1.3801948955618517e-06,8.360510132198824e-08
91,-31124.6154963265,-25543.3118105322,5.7674443102851124e-08,-1.3745101451956877e-06,1.326490202244322e-07
92,-25543.3118105322,-31124.6154963265,3.890715228755557e-08,-1.3689046634978131e-06,1.5286243805531317e-07
93,-18980.3929767134,-35509.817663482405,2.4877944630359595e-08,-1.3640762279682466e-06,1.608755952679399e-07
94,-11688.0682851266,-38530.3974519658,1.392239413795152e-08,-1.360563453903836e-06,1.6403527271534096e-07
95,-3946.5776840865997,-40070.2756744661,4.489023493040845e-09,-1.3587204661959815e-06,1.6511606381404212e-07
96,3014.76446879802,-45996.4173283991,-1.2381015636835068e-09,-1.256571341607741e-06,1.6536788374951637e-07
97,8992.7099504825,-45209.405875294105,-3.8150776669938596e-09,-1.257457181355225e-06,1.6513203164132994e-07
98,14816.787671663898,-43648.848953247405,-6.717578381600056e-09,-1.2591952135360768e-06,1.6452006389476207e-07
99,20387.3460477936,-41341.4481238635,-1.0240995433520729e-08,-1.261716768868447e-06,1.6320850537046364e-07
100,25609.071280605298,-38326.683655065404,-1.4819995253193598e-08,-1.2649156571001158e-06,1.605812783362398e-07
101,30392.61820363,-34656.1390027649,-2.1107171504046973e-08,-1.268645607933401e-06,1.5545974923813323e-07
102,34656.1390027648,-30392.6182036301,-2.999791176400965e-08,-1.2727193785108724e-06,1.454071383784358e-07
103,38326.6836550653,-25609.0712806054,-4.191253040336283e-08,-1.2769122157107392e-06,1.2527792680332071e-07
104,41341.4481238634,-20387.346047793697,-4.922020103580584e-08,-1.2809726945687432e-06,8.58019932066882e-08
105,43648.848953247405,-14816.787671664,-3.8662437926165865e-08,-1.2846423243840174e-06,3.6075423709785826e-08
106,45209.405875294105,-8992.70995048261,-1.228237547690856e-08,-1.2876812545338314e-06,4.109799121417866e-08
107,45996.4173283991,-3014.7644687981397,1.0530364414829144e-09,-1.2898937437326625e-06,5.3144773117847245e-08
108,45996.4173283991,3014.76446879807,1.3882691953070431e-08,-1.2911478413465947e-06,6.104099069653043e-08
109,45209.405875294105,8992.70995048254,2.737157742949312e-08,-1.2913879854069324e-06,6.376376999833862e-08
110,43648.848953247405,14816.787671664,4.9466788424975985e-08,-1.2906415695282994e-06,6.506180246149583e-08
111,41341.4481238635,20387.346047793697,8.196315573434802e-08,-1.289018791568605e-06,7.810412833976414e-08
112,38326.6836550653,25609.0712806054,1.0368312752566682e-07,-1.2867027522715885e-06,1.1859252759023716e-07
113,34656.1390027648,30392.61820363,9.863336704638456e-08,-1.2839284973638862e-06,1.5939121186220074e-07
114,30392.61820363,34656.1390027648,7.12407467529251e-08,-1.2809551522880658e-06,1.7496046520948387e-07
115,25609.0712806054,38326.6836550653,4.6938794931206835e-08,-1.2780386741143344e-06,1.9251564296362465e-07
116,20387.346047793697,41341.4481238634,3.409066788074623e-08,-1.2754107966384162e-06,2.041899368449542e-07
117,14816.787671664,43648.848953247405,2.2220220379702173e-08,-1.2732655219596463e-06,2.1120040355574956e-07
118,8992.709950482571,45209.405875294105,1.264000516348475e-08,-1.2717517201782899e-06,2.165315242653361e-07
119,3014.7644687981,45996.4173283991,4.309348887693946e-09,-1.2709696651327658e-06,2.1863355724991954e-07
120,-3014.7644687981,45996.4173283991,-4.310084147838971e-09,-1.270969690870449e-06,2.1863367481567248e-07
121,-8992.70995048256,45209.405875294105,-1.264060763785119e-08,-1.2717517972167517e-06,2.1653151920800728e-07
122,-14816.787671664,43648.848953247405,-2.2221123913183094e-08,-1.2732656497281124e-06,2.1120050460698539e-07
123,-20387.346047793697,41341.4481238634,-3.409109414324045e-08,-1.2754109740208733e-06,2.041903079177667e-07
124,-25609.0712806054,38326.6836550653,-4.693980965874302e-08,-1.2780388991702327e-06,1.9251495913700378e-07
125,-30392.61820363,34656.1390027648,-7.124182016141678e-08,-1.2809554217815853e-06,1.7496295324012843e-07
126,-34656.1390027648,30392.61820363,-9.86300014163034e-08,-1.2839288059907254e-06,1.5939374997561792e-07
127,-38326.6836550653,25609.0712806054,-1.0368824026898006e-07,-1.2867030914353315e-06,1.1859343166641852e-07
128,-41341.4481238635,20387.346047793697,-8.19631777082439e-08,-1.2890191476734416e-06,7.810707029100413e-08
129,-43648.848953247405,14816.787671664,-4.946868381181851e-08,-1.2906419222925095e-06,6.506219013927393e-08
130,-45209.405875294105,8992.70995048254,-2.7373056930828296e-08,-1.2913883076620736e-06,6.376012911810628e-08
131,-45996.4173283991,3014.76446879809,-1.3881207820286517e-08,-1.2911481021791437e-06,6.10358885431249e-08
132,-45996.4173283991,-3014.7644687981397,-1.051215438123938e-09,-1.2898939153442594e-06,5.314201671333139e-08
133,-45209.405875294105,-8992.70995048261,1.228890922667937e-08,-1.287681320407649e-06,4.10968882188207e-08
134,-43648.848953247405,-14816.787671664,3.866657023089243e-08,-1.2846422846398585e-06,3.6071801092041485e-08
135,-41341.4481238634,-20387.346047793697,4.9219265395853463e-08,-1.2809725655141621e-06,8.580208444369508e-08
136,-38326.6836550653,-25609.0712806054,4.191148684240649e-08,-1.2769120240887724e-06,1.25280991346671e-07
137,-34656.1390027648,-30392.6182036301,2.9996811808148434e-08,-1.2727191540466973e-06,1.454087789589343e-07
138,-30392.61820363,-34656.1390027649,2.1106152196513877e-08,-1.2686453777560847e-06,1.5546070814632057e-07
139,-25609.071280605298,-38326.683655065404,1.481910744195489e-08,-1.264915443185087e-06,1.6058187795472612e-07
140,-20387.3460477936,-41341.4481238635,1.0240202606270045e-08,-1.2617165876826932e-06,1.6320888895379918e-07
141,-14816.787671663898,-43648.848953247405,6.716846969293105e-09,-1.2591950766801593e-06,1.6452030484592515e-07
142,-8992.709950482511,-45209.405875294105,3.814382872903463e-09,-1.2574570964108866e-06,1.651321652227018e-07
143,-3014.76446879805,-45996.4173283991,1.237423385471996e-09,-1.2565713128356163e-06,1.6536792653919428e-07
144,-8.76900682911802e-11,-51127.5235819115,-2.968828289856316e-13,-1.1767598008256201e-06,1.613050977851884e-07
145,6673.48097078771,-50690.1205300545,-1.4696917067534464e-10,-1.1772209819655686e-06,1.6123827054707082e-07
146,13232.7768319268,-49385.3954619717,-4.518163185363003e-10,-1.1785882530620124e-06,1.6098033801147212e-07
147,19565.6562126529,-47235.6725853162,-1.1148086735979832e-09,-1.180812034946258e-06,1.6034271498413697e-07
148,25563.761790955698,-44277.7342545234,-2.435646858884229e-09,-1.1838067131532417e-06,1.589493088343963e-07
149,31124.4643174014,-40562.191614528405,-4.903544346305541e-09,-1.187446824645042e-06,1.560964414201881e-07
150,36152.6186300447,-36152.6186300448,-9.338291324530566e-09,-1.1915634121322066e-06,1.503822289521898e-07
151,40562.1916145283,-31124.4643174015,-1.697378684003172e-08,-1.1959430377181054e-06,1.3869747654435408e-07
152,44277.734254523304,-25563.761790955803,-2.7531982723296093e-08,-1.2003332772620236e-06,1.1339946916723162e-07
153,47235.6725853162,-19565.656212653,-3.0084324960132986e-08,-1.2044585321717643e-06,5.6555311394035845e-08
154,49385.3954619717,-13232.776831927,-7.568596094253643e-09,-1.2080463778609593e-06,4.127310842402303e-08
155,50690.1205300545,-6673.480970787849,6.125271501690935e-09,-1.2108581227208941e-06,5.777760396332562e-08
156,51127.5235819115,-4.5410363098163e-11,1.3819964454875606e-08,-1.212714441311366e-06,7.020452121892266e-08
157,50690.1205300545,6673.48097078776,2.2344191427717184e-08,-1.2135119907871356e-06,7.514261406547279e-08
158,49385.3954619717,13232.7768319269,3.562590686577858e-08,-1.2132331329754023e-06,7.39999768563884e-08
159,47235.6725853162,19565.6562126529,6.123509114447103e-08,-1.2119506455899767e-06,7.397828578425438e-08
160,44277.734254523304,25563.761790955698,9.356223754754076e-08,-1.209824275718397e-06,9.384657838990697e-08
161,40562.191614528405,31124.4643174015,9.16383280200788e-08,-1.2070839770383503e-06,1.3389927215631504e-07
162,36152.6186300447,36152.6186300447,6.395643400507265e-08,-1.2040006329307075e-06,1.6669589990013898e-07
163,31124.4643174015,40562.191614528405,4.321273108359796e-08,-1.2008531263422276e-06,1.793436190869112e-07
164,25563.761790955698,44277.734254523304,2.922716824100993e-08,-1.197901254408464e-06,1.92915289992263e-07
165,19565.6562126529,47235.6725853162,2.0020661707724488e-08,-1.1953682115062373e-06,2.0111833573859837e-07
166,13232.7768319269,49385.3954619717,1.2127334125233413e-08,-1.1934313341859388e-06,2.0695562636304042e-07
167,6673.480970787809,50690.1205300545,5.925071783237303e-09,-1.1922181684529005e-06,2.1043458901092766e-07
168,3.1306579051459398e-12,51127.5235819115,-3.371853998346698e-13,-1.1918052945659155e-06,2.1137025905185242e-07
169,-6673.4809707878,50690.1205300545,-5.925647256148494e-09,-1.1922182200280142e-06,2.1043466682803185e-07
170,-13232.7768319269,49385.3954619717,-1.2127992496244359e-08,-1.1934314371053708e-06,2.0695564675315274e-07
171,-19565.6562126529,47235.6725853162,-2.0021305607874557e-08,-1.1953683652219776e-06,2.0111860973901676e-07
172,-25563.761790955698,44277.734254523304,-2.922762245251163e-08,-1.1979014578665413e-06,1.929152310479313e-07
173,-31124.4643174015,40562.191614528405,-4.321409923901545e-08,-1.200853377648634e-06,1.793442628222915e-07
174,-36152.6186300447,36152.6186300447,-6.39544738750952e-08,-1.2040009287749881e-06,1.6669640926773383e-07
175,-40562.191614528405,31124.4643174015,-9.164186822213653e-08,-1.207084311684355e-06,1.3389998376685725e-07
176,-44277.734254523304,25563.761790955698,-9.356063218130079e-08,-1.2098246392933264e-06,9.38470001013098e-08
177,-47235.6725853162,19565.6562126529,-6.123708385791779e-08,-1.2119510216359128e-06,7.397823668377048e-08
178,-49385.3954619717,13232.7768319269,-3.5629185338737724e-08,-1.213233496289905e-06,7.399511717021095e-08
179,-50690.1205300545,6673.48097078776,-2.2344995305607017e-08,-1.213512308111346e-06,7.513458622687828e-08
180,-51127.5235819115,-3.9149047287871204e-11,-1.3816495895672562e-08,-1.2127146771904742e-06,7.019676997293688e-08
181,-50690.1205300545,-6673.48097078784,-6.1186933642503896e-09,-1.2108582495605664e-06,5.777490043336692e-08
182,-49385.3954619717,-13232.776831927,7.571983315696134e-09,-1.2080463854209908e-06,4.1275330386299014e-08
183,-47235.6725853162,-19565.656212653,3.0092943023421674e-08,-1.204458431011321e-06,5.65600747867387e-08
184,-44277.734254523304,-25563.761790955803,2.7531231747327472e-08,-1.2003330940910894e-06,1.1340241495404176e-07
185,-40562.191614528405,-31124.4643174015,1.69725745751659e-08,-1.1959428060165063e-06,1.3869933169690242e-07
186,-36152.6186300447,-36152.6186300448,9.337254647701661e-09,-1.1915631637889606e-06,1.503832156165664e-07
187,-31124.4643174014,-40562.191614528405,4.902679087047926e-09,-1.1874465856941532e-06,1.5609703083629959e-07
188,-25563.761790955698,-44277.734254523304,2.434903075614432e-09,-1.1838065029888166e-06,1.5894968300198546e-07
189,-19565.6562126529,-47235.6725853162,1.1141397267923223e-09,-1.180811867176902e-06,1.603429553005219e-07
190,-13232.7768319269,-49385.3954619717,4.511919050420736e-10,-1.1785881367176141e-06,1.6098048352700713e-07
191,-6673.48097078771,-50690.1205300545,1.4636820077224657e-10,-1.1772209225093076e-06,1.612383394635645e-07
192,8.14287524808883e-11,-51127.5235819115,-2.9688282898486415e-13,-1.17675980082562e-06,1.613050977851884e-07
193,3690.00801333362,-56298.6429895466,8.895182682002016e-10,-1.10104013684202e-06,1.5478183892157752e-07
194,11006.8869798294,-55335.3575990628,2.6144545606333203e-09,-1.1019787277084704e-06,1.546785195065077e-07
195,18135.4350584147,-53425.2688981994,4.158052863968285e-09,-1.1038246388839834e-06,1.5436814924811046e-07
196,24953.6808150581,-50601.0590342049,5.333211355398984e-09,-1.1065131947360684e-06,1.5361618107523994e-07
197,31344.962174488403,-46911.0510208712,5.823956431294779e-09,-1.1099421594983814e-06,1.5198595548304928e-07
198,37199.9225406478,-42418.3819183699,5.060613025742106e-09,-1.1139664622054486e-06,1.486561237277713e-07
199,42418.38191836981,-37199.922540647894,1.9869316463181608e-09,-1.1183935888725998e-06,1.4190815991190643e-07
200,46911.0510208712,-31344.9621744885,-4.9847917211199115e-09,-1.122983223930281e-06,1.2745494231143665e-07
201,50601.0590342049,-24953.6808150582,-1.4838160368712474e-08,-1.1274565024844224e-06,9.242713931992103e-08
202,53425.2688981994,-18135.4350584149,-3.1628682529051697e-09,-1.1315190876712835e-06,4.264138751818601e-08
203,55335.3575990627,-11006.8869798295,1.2323765100715795e-08,-1.1348949637399065e-06,5.7293831055194314e-08
204,56298.6429895466,-3690.00801333376,1.7121484208268633e-08,-1.1373592383921678e-06,7.385596710852355e-08
205,56298.6429895466,3690.00801333368,2.1168354886069276e-08,-1.1387601517339915e-06,8.326999727755747e-08
206,55335.3575990627,11006.8869798294,2.784468461414097e-08,-1.1390311513443086e-06,8.392901355636264e-08
207,53425.2688981994,18135.435058414798,4.2828052418718576e-08,-1.1381986640034754e-06,7.918301639030284e-08
208,50601.0590342049,24953.6808150581,7.171267330759172e-08,-1.1363855016332715e-06,8.259500298777827e-08
209,46911.0510208712,31344.962174488403,9.229704395049627e-08,-1.1338021840026232e-06,1.1323036535362465e-07
210,42418.3819183699,37199.922540647894,5.4990564742239486e-08,-1.1307204883379808e-06,1.4532010743553354e-07
211,37199.922540647894,42418.38191836981,3.919884517748611e-08,-1.1274359717746893e-06,1.6562410317800496e-07
212,31344.962174488403,46911.0510208712,2.4921046474793413e-08,-1.1242334751992052e-06,1.7803734672331283e-07
213,24953.6808150581,50601.0590342049,1.6730417739362333e-08,-1.1213639293673553e-06,1.880675681056469e-07
214,18135.435058414798,53425.2688981994,1.059495581798047e-08,-1.1190322582417715e-06,1.9460787957994083e-07
215,11006.8869798295,55335.3575990627,5.842843590859597e-09,-1.1173926064883064e-06,1.9910860283173767e-07
216,3690.00801333372,56298.6429895466,1.9381949104579244e-09,-1.11654732426145e-06,2.01176643471881e-07
217,-3690.0080133337096,56298.6429895466,-1.9387518912548864e-09,-1.1165473498403235e-06,2.0117669652094902e-07
218,-11006.8869798295,55335.3575990627,-5.8433677209460324e-09,-1.117392683171053e-06,1.9910864819877413e-07
219,-18135.435058414798,53425.2688981994,-1.0595561687105879e-08,-1.1190323858296227e-06,1.9460801592291081e-07
220,-24953.6808150581,50601.0590342049,-1.6730859573908276e-08,-1.1213641073993414e-06,1.8806774966301422e-07
221,-31344.962174488403,46911.0510208712,-2.492183816698796e-08,-1.1242337027315538e-06,1.7803741082239027e-07
222,-37199.922540647894,42418.38191836981,-3.919885300671866e-08,-1.1274362469951286e-06,1.6562503686731735e-07
223,-42418.3819183699,37199.922540647894,-5.499348019718432e-08,-1.1307208078631787e-06,1.4531688940304144e-07
224,-46911.0510208712,31344.962174488403,-9.229678802985747e-08,-1.1338025415354591e-06,1.1322973456622747e-07
225,-50601.0590342049,24953.6808150581,-7.171375300163273e-08,-1.1363858855208998e-06,8.2595636961966e-08
226,-53425.2688981994,18135.435058414798,-4.283241731952508e-08,-1.1381990537877368e-06,7.917842904299046e-08
227,-55335.3575990627,11006.8869798294,-2.7847685021211615e-08,-1.1390315154506542e-06,8.391950237775574e-08
228,-56298.6429895466,3690.0080133337,-2.116713607502465e-08,-1.1387604503458248e-06,8.32592348761781e-08
229,-56298.6429895466,-3690.00801333376,-1.7113409239860574e-08,-1.1373594333570073e-06,7.385301061503085e-08
230,-55335.3575990627,-11006.8869798295,-1.2318152550056006e-08,-1.1348950317198372e-06,5.729501452090653e-08
231,-53425.2688981994,-18135.435058414798,3.1643087836023858e-09,-1.1315190291130753e-06,4.2650872732201665e-08
232,-50601.0590342049,-24953.6808150582,1.4840187629251283e-08,-1.1274563406451719e-06,9.243222692343901e-08
233,-46911.0510208712,-31344.9621744885,4.9834975555879165e-09,-1.1229829948317402e-06,1.2745703610733787e-07
234,-42418.38191836981,-37199.922540647894,-1.988011529495903e-09,-1.1183933294828713e-06,1.4190921029395384e-07
235,-37199.922540647894,-42418.3819183699,-5.061461967585513e-09,-1.1139662033171585e-06,1.4865670771944414e-07
236,-31344.962174488297,-46911.0510208712,-5.824656817860908e-09,-1.1099419239431893e-06,1.5198631869397707e-07
237,-24953.6808150581,-50601.0590342049,-5.333823188749603e-09,-1.1065129983695e-06,1.536164168436832e-07
238,-18135.4350584147,-53425.2688981994,-4.158613383763277e-09,-1.103824492223066e-06,1.5436829962865885e-07
239,-11006.8869798294,-55335.3575990628,-2.6149865871665948e-09,-1.1019786373296929e-06,1.5467860396829145e-07
240,-3690.00801333365,-56298.6429895466,-8.900376618013173e-10,-1.101040106335822e-06,1.5478186619994944e-07
241,-1.06334385736706e-10,-61998.056567465705,-2.24998603369258e-13,-1.0291155503316086e-06,1.4678954985212786e-07
242,8092.370248794539,-61467.654598976704,3.2839739620723365e-09,-1.0295914509225287e-06,1.4675205293277094e-07
243,16046.2777990034,-59885.5240182457,6.492206669168792e-09,-1.031004497470109e-06,1.4659431018242594e-07
244,23725.629087202702,-57278.7355181585,9.517078908756266e-09,-1.0333096654558654e-06,1.461700234879662e-07
245,30999.0282837327,-53691.89197269,1.21732760430282e-08,-1.036427840951881e-06,1.4519512440653283e-07
246,37742.0255117738,-49186.365269363894,1.4112454464888114e-08,-1.0402400881809637e-06,1.4315671524702545e-07
247,43839.2462192421,-43839.246219242195,1.4643232903949272e-08,-1.044580875312429e-06,1.3907080832702408e-07
248,49186.3652693638,-37742.0255117739,1.2375429365718637e-08,-1.0492328469632198e-06,1.3072121799518384e-07
249,53691.891972689904,-30999.0282837329,5.242989425554262e-09,-1.053928382315808e-06,1.1147895641151823e-07
250,57278.7355181585,-23725.6290872028,-4.075530639451926e-09,-1.0583651954630436e-06,6.533998136400118e-08
251,59885.5240182457,-16046.277799003601,1.8514173047456813e-08,-1.0622389763405188e-06,5.561584909272772e-08
252,61467.654598976704,-8092.37024879472,2.2622322102928124e-08,-1.0652831742530728e-06,7.150178091190619e-08
253,61998.056567465705,-5.50653359065706e-11,2.2973421960187713e-08,-1.0672990902018065e-06,8.343554170979633e-08
254,61467.654598976704,8092.37024879461,2.5248069194878668e-08,-1.0681710615268337e-06,8.938453201371943e-08
255,59885.5240182457,16046.2777990034,3.177007390123143e-08,-1.0678748940819303e-06,8.770056630749459e-08
256,57278.7355181585,23725.629087202702,5.060018233936297e-08,-1.066485736779131e-06,8.154997922300234e-08
257,53691.891972689904,30999.0282837328,7.530115389905533e-08,-1.0641794758810586e-06,9.33887923383225e-08
258,49186.365269363894,37742.0255117739,6.185051833558428e-08,-1.0612149354774347e-06,1.2446485980473447e-07
259,43839.246219242195,43839.2462192421,3.354161117935824e-08,-1.0578956302152202e-06,1.488294922935623e-07
260,37742.0255117739,49186.3652693638,2.1524157707853405e-08,-1.054527260294075e-06,1.618402105971704e-07
261,30999.0282837328,53691.891972689904,1.3172381005349315e-08,-1.0513866734633125e-06,1.72806211989769e-07
262,23725.629087202702,57278.7355181585,8.326803643978412e-09,-1.0487053926582876e-06,1.805441332279926e-07
263,16046.277799003501,59885.5240182457,4.752601909194471e-09,-1.0466633257946318e-06,1.8586811375788452e-07
264,8092.370248794669,61467.654598976704,2.2218918049257177e-09,-1.045387738342687e-06,1.8904372573182065e-07
265,3.79628607643517e-12,61998.056567465705,-2.502131265151112e-13,-1.044954212713186e-06,1.9001158597166328e-07
266,-8092.37024879466,61467.654598976704,-2.222357108133426e-09,-1.045387788605029e-06,1.8904378294733452e-07
267,-16046.277799003501,59885.5240182457,-4.753101421758825e-09,-1.0466634262987368e-06,1.8586818813298394e-07
268,-23725.629087202702,57278.7355181585,-8.327275763699956e-09,-1.0487055432979217e-06,1.805443213708227e-07
269,-30999.0282837328,53691.891972689904,-1.31728478624758e-08,-1.0513868739072059e-06,1.7280629703288384e-07
270,-37742.0255117739,49186.3652693638,-2.1524756407991188e-08,-1.0545275097422323e-06,1.618407118444862e-07
271,-43839.246219242195,43839.2462192421,-3.3541438926930054e-08,-1.0578959269630452e-06,1.4882889098566997e-07
272,-49186.365269363894,37742.0255117738,-6.18521732756173e-08,-1.061215276046589e-06,1.2446827752254918e-07
273,-53691.891972689904,30999.0282837328,-7.529921068483784e-08,-1.0641798531647214e-06,9.339219789297463e-08
274,-57278.7355181585,23725.629087202702,-5.0604668784145696e-08,-1.0664861364781185e-06,8.154682884504265e-08
275,-59885.5240182457,16046.277799003501,-3.177621872348087e-08,-1.0678752900796985e-06,8.768874798015852e-08
276,-61467.654598976704,8092.3702487946,-2.5114205988413226e-08,-1.0681714144473e-06,8.930055815580706e-08
277,-61998.056567465705,-4.74727637537003e-11,-2.298376680027488e-08,-1.0672993543940894e-06,8.343826976548483e-08
278,-61467.654598976704,-8092.370248794699,-2.2618614183372967e-08,-1.065283312556659e-06,7.149970348473551e-08
279,-59885.5240182457,-16046.277799003501,-1.8507205215840215e-08,-1.0622389748980363e-06,5.562356844325907e-08
280,-57278.7355181585,-23725.6290872028,4.077945506531626e-09,-1.058365069204415e-06,6.535375737075458e-08
281,-53691.891972689904,-30999.0282837329,-5.244029135952555e-09,-1.0539281671305746e-06,1.1148173249060634e-07
282,-49186.3652693638,-37742.0255117739,-1.2376589427668949e-08,-1.0492325847127372e-06,1.3072237275529615e-07
283,-43839.2462192421,-43839.246219242195,-1.4644079478996618e-08,-1.0445806023630056e-06,1.390713994468572e-07
284,-37742.0255117738,-49186.365269363894,-1.4113118855609682e-08,-1.0402398315389537e-06,1.431570682360356e-07
285,-30999.0282837327,-53691.89197269,-1.217383740596782e-08,-1.0364276191225892e-06,1.451953537965797e-07
286,-23725.629087202702,-57278.7355181585,-9.517582474703802e-09,-1.0333094905825904e-06,1.4617017467421211e-07
287,-16046.2777990034,-59885.5240182457,-6.492678009471069e-09,-1.0310043772155678e-06,1.465944036089392e-07
288,-8092.37024879455,-61467.654598976704,-3.2844289362173777e-09,-1.0295913897642048e-06,1.4675209778519046e-07
289,9.87418135838358e-11,-61998.056567465705,-2.249986032901436e-13,-1.0291155503316086e-06,1.4678954985212786e-07
290,6.43975904510172e-11,-67829.008462311,-1.9542802137723485e-13,-9.620607171668314e-07,1.3806462802033423e-07
291,5994.73486263315,-67563.58148371789,3.0110671607223067e-09,-9.622785282215918e-07,1.3804844073407917e-07
292,11942.5527970042,-66769.37787392529,6.009085332281305e-09,-9.629290989982696e-07,1.3799133648011954e-07
293,17796.9040634271,-65452.6133530008,8.977233387194943e-09,-9.640038388119416e-07,1.378668159320462e-07
294,23511.970425619398,-63623.5933886562,1.1891333342044842e-08,-9.654880042076503e-07,1.3762791995003445e-07
295,29043.0237405235,-61296.6325419891,1.4713774716798546e-08,-9.673600634057298e-07,1.3720242235600952e-07
296,34346.7760166712,-58489.942436635,1.7384500857844713e-08,-9.695908204671473e-07,1.36484288414463e-07
297,39381.7182014082,-55225.4892281193,1.98060676730215e-08,-9.721423337513268e-07,1.3531804159330262e-07
298,44108.4450455123,-51528.8216889079,2.1817010732331444e-08,-9.74966710539415e-07,1.3346865940314885e-07
299,48489.963502695195,-47428.8712546223,2.314319159644358e-08,-9.780049490454874e-07,1.3055908306104533e-07
300,52491.9822503472,-42957.7255963289,2.331440084053231e-08,-9.81186149583838e-07,1.259192907299284e-07
301,56083.1800656302,-38150.377491007195,2.155199279309472e-08,-9.844276256052059e-07,1.1813988789287645e-07
302,59235.4509565138,-33044.4509556249,1.689998349273752e-08,-9.87636622425151e-07,1.0375879459743497e-07
303,61924.12412927,-27679.9067881923,1.192996652516814e-08,-9.907142394712489e-07,7.737561166222195e-08
304,64128.1570708841,-22098.7298203375,2.2325099669127168e-08,-9.935614381124404e-07,5.712007189508633e-08
305,65830.3002352497,-16344.600329073199,2.6672339958240688e-08,-9.960858644916398e-07,6.192033323231826e-08
306,67017.2320442546,-10462.552179405799,2.670281817392863e-08,-9.982076091607315e-07,6.999650093949986e-08
307,67679.6631471917,-4498.6203732821,2.703648959698028e-08,-9.99862758315728e-07,7.48310776152854e-08
308,67812.4091225234,1500.51923671753,2.591334941221258e-08,-1.0010050103014154e-06,7.9293293136767e-08
309,67414.4310530089,7487.9152492106905,2.6563423679667585e-08,-1.001606467433234e-06,8.282700090139248e-08
310,66488.8436566409,13416.708172388,2.850638890376879e-08,-1.0016586109915705e-06,8.405919767412353e-08
311,65042.890909753594,19240.4971630712,3.2882415463838246e-08,-1.0011738111770706e-06,8.294805388957404e-08
312,63087.889353086604,24913.703176223098,4.301802954968531e-08,-1.0001868436095963e-06,8.154515420925569e-08
313,60639.1395245101,30391.925682773897,5.975950241729555e-08,-9.987550822025196e-07,8.749701630333508e-08
314,57715.8062115702,35632.2901639612,6.724829958548328e-08,-9.96955947040744e-07,9.78157653201088e-08
315,54340.7684610426,40593.783662571,5.1417088002726015e-08,-9.948813120495129e-07,1.1717937709489092e-07
316,50540.4405193704,45237.575764935005,2.999314179883063e-08,-9.926302223086643e-07,1.2941379601379372e-07
317,46344.565105372196,49527.3225015664,2.063934062964209e-08,-9.903019375864193e-07,1.4201106066972928e-07
318,41785.9806331408,53429.450787997295,1.4357154149194112e-08,-9.879906287497823e-07,1.502160390963566e-07
319,36900.3642069287,56913.4211796855,9.496549754446973e-09,-9.85781988166041e-07,1.5754372675198686e-07
320,31725.9523994344,59951.966884574096,6.4445195605081574e-09,-9.837513914384928e-07,1.6377864704085639e-07
321,26303.2419987785,62521.3071627101,4.382867978654967e-09,-9.819631060373168e-07,1.6861424183852347e-07
322,20674.6730662286,64601.333442776704,2.826752188380393e-09,-9.804701233838473e-07,1.723819228880654e-07
323,14884.2967851777,66175.7666989284,1.7249162770928674e-09,-9.793143154267628e-07,1.752288202154728e-07
324,8977.430700907411,67232.2848562405,9.590282525411278e-10,-9.785267206215799e-07,1.7708657586777993e-07
325,3000.30404935205,67762.6192276516,3.1571142844784195e-10,-9.781278376650965e-07,1.779683622478764e-07
326,-3000.3040493520602,67762.6192276516,-3.161422824179967e-10,-9.781278542406645e-07,1.779683876162722e-07
327,-8977.43070090742,67232.2848562405,-9.594402058583193e-10,-9.785267703588779e-07,1.7708662912179612e-07
328,-14884.2967851777,66175.7666989284,-1.7253380603873211e-09,-9.793143983537134e-07,1.752288851293302e-07
329,-20674.6730662286,64601.333442776704,-2.8271959198996828e-09,-9.804702395340194e-07,1.7238203808697845e-07
330,-26303.2419987785,62521.3071627101,-4.383276013966989e-09,-9.819632554300146e-07,1.6861441173590324e-07
331,-31725.9523994344,59951.966884574096,-6.444904437703196e-09,-9.837515740495905e-07,1.637787815632804e-07
332,-36900.3642069287,56913.4211796854,-9.497057787661434e-09,-9.85782203887121e-07,1.5754389079713296e-07
333,-41785.9806331408,53429.450787997295,-1.4357563274066278e-08,-9.879908773298168e-07,1.5021647490539492e-07
334,-46344.565105372196,49527.3225015664,-2.0639319961433316e-08,-9.903022185428014e-07,1.4201109692038967e-07
335,-50540.4405193704,45237.575764935005,-2.9994817360066026e-08,-9.926305347782505e-07,1.2941358132503e-07
336,-54340.7684610426,40593.783662571,-5.141692478659751e-08,-9.948816545186973e-07,1.1718262883571498e-07
337,-57715.8062115702,35632.2901639612,-6.724107406393352e-08,-9.969563168446893e-07,9.78206225820483e-08
338,-60639.1395245101,30391.925682773897,-5.97685251949911e-08,-9.987554746536722e-07,8.750042901998035e-08
339,-63087.889353086604,24913.703176223098,-4.3023384968556074e-08,-1.0001872507243816e-06,8.157318105523513e-08
340,-65042.890909753594,19240.4971630712,-3.2885185328037936e-08,-1.0011742203430356e-06,8.295183992220103e-08
341,-66488.8436566409,13416.708172388,-2.8507789180097408e-08,-1.0016590043806352e-06,8.406105030481318e-08
342,-67414.4310530089,7487.9152492107005,-2.6563014492297685e-08,-1.0016068229966546e-06,8.28274349189722e-08
343,-67812.4091225234,1500.51923671753,-2.591134746663373e-08,-1.001005304563943e-06,7.929303321925287e-08
344,-67679.6631471917,-4498.6203732821195,-2.7028762510899612e-08,-9.998629703764296e-07,7.483427387797824e-08
345,-67017.2320442546,-10462.552179405799,-2.6708181014355728e-08,-9.982077248058497e-07,7.000341525080811e-08
346,-65830.3002352497,-16344.600329073199,-2.6670407181598167e-08,-9.960858792045892e-07,6.192388609627992e-08
347,-64128.1570708841,-22098.7298203375,-2.228047022523016e-08,-9.93561357952605e-07,5.702720486165149e-08
348,-61924.12412927,-27679.906788192402,-1.193365076072639e-08,-9.907140793821809e-07,7.738193143854574e-08
349,-59235.4509565138,-33044.4509556249,-1.69012382115744e-08,-9.87636402570766e-07,1.0376157085024758e-07
350,-56083.1800656302,-38150.377491007195,-2.155321766696931e-08,-9.844273672717368e-07,1.1814117700253097e-07
351,-52491.9822503472,-42957.7255963289,-2.331536110531259e-08,-9.811858721536859e-07,1.259200321571052e-07
352,-48489.963502695195,-47428.8712546223,-2.314394660173511e-08,-9.780046685817778e-07,1.305595588996908e-07
353,-44108.4450455123,-51528.8216889079,-2.181763539141347e-08,-9.749664396114095e-07,1.3346899131004128e-07
354,-39381.7182014082,-55225.4892281193,-1.9806608267844822e-08,-9.721420818757095e-07,1.3531828690812462e-07
355,-34346.7760166712,-58489.942436635,-1.7384986201898894e-08,-9.695905947172613e-07,1.3648447511320354e-07
356,-29043.0237405235,-61296.6325419891,-1.4714223502074978e-08,-9.673598689757156e-07,1.3720256541919112e-07
357,-23511.970425619398,-63623.5933886562,-1.189175779868591e-08,-9.654878448643824e-07,1.3762802795974194e-07
358,-17796.9040634271,-65452.6133530008,-8.977641762878441e-09,-9.640037172318736e-07,1.378668938426163e-07
359,-11942.5527970042,-66769.37787392529,-6.0094835524674456e-09,-9.629290170066537e-07,1.3799138712334016e-07
360,-5994.7348626331295,-67563.58148371789,-3.0114597943601657e-09,-9.622784869536962e-07,1.3804846569050341e-07
361,3223.94632724598,-72813.6361482199,1.7574941810796158e-09,-9.0983595953914e-07,1.3060504711565278e-07
362,9646.60723053917,-72243.7707209835,5.269333382867049e-09,-9.102682124973525e-07,1.3056790814451374e-07
363,15993.770352899899,-71108.49983613081,8.769290334817283e-09,-9.111273720248404e-07,1.3047721259594725e-07
364,22215.7605370938,-69416.7085275931,1.2244462696261684e-08,-9.124025215633855e-07,1.302986507212189e-07
365,28263.882273843697,-67181.6373561751,1.5673231011760852e-08,-9.140766221752139e-07,1.2997686557679917e-07
366,34090.8008102128,-64420.778784214606,1.9018972247217197e-08,-9.161257133904521e-07,1.2942980486706577e-07
367,39650.912608226005,-61155.740273347496,2.221984505840419e-08,-9.185178564677878e-07,1.285387449003961e-07
368,44900.7022543855,-57412.0751768244,2.517078345449944e-08,-9.212118580327452e-07,1.2712994843429677e-07
369,49799.0830267824,-53219.0827498741,2.7689814146116193e-08,-9.241558743936366e-07,1.2493879849367593e-07
370,54307.7184544025,-48609.5788433068,2.9454132661583742e-08,-9.272861194037565e-07,1.2153053760351287e-07
371,58391.3223519909,-43619.639074987805,2.988023891947605e-08,-9.305261103830516e-07,1.1608391678506432e-07
372,62017.934982294,-38288.3164892146,2.7936678994134162e-08,-9.337871735039008e-07,1.0668925455607068e-07
373,65159.173184336796,-32657.3359136952,2.304161648907567e-08,-9.369711139868585e-07,8.846102217543748e-08
374,67790.4525101399,-26770.7674061985,2.9187528948798604e-08,-9.399755925300866e-07,5.460829387654351e-08
375,69891.1796313587,-20674.6813466005,3.0375278107795386e-08,-9.427014921290258e-07,5.216889060743174e-08
376,71444.9135099985,-14416.787873696301,3.019030770841775e-08,-9.450601265617231e-07,6.090186604089954e-08
377,72439.49407182861,-8046.06348867699,2.8572755276748764e-08,-9.469781530548154e-07,6.774368021562018e-08
378,72867.1373754507,-1612.36774760272,2.79916698419839e-08,-9.483997416130222e-07,7.260094354911479e-08
379,72724.49653219369,4833.94695722552,2.7460689789669564e-08,-9.492871637932653e-07,7.662409674709496e-08
380,72012.68790005549,11242.429473005901,2.8085833532940866e-08,-9.496212917821482e-07,7.878039629379166e-08
381,70737.2823466886,17562.9247351109,3.009580689358199e-08,-9.494029062425297e-07,7.849648441244418e-08
382,68908.26164980681,23745.966298470103,3.5457609494362564e-08,-9.486547681190576e-07,7.571051479562699e-08
383,66539.94037624111,29743.1634795728,4.853478917834315e-08,-9.474233041821676e-07,7.526592608286765e-08
384,63650.8538510458,35507.5800791763,5.90624835758566e-08,-9.457779599598579e-07,9.307489922629393e-08
385,60263.613093448905,40994.101721704,4.987092918770234e-08,-9.43806815342786e-07,1.080906681848087e-07
386,56404.727854969206,46159.7889364019,3.065883160028012e-08,-9.416091206720132e-07,1.1507903245746408e-07
387,52104.3991446679,50964.2132169176,1.7531041022093104e-08,-9.39287160859881e-07,1.2762908652486326e-07
388,47396.2828653043,55369.7734291768,1.150498331895894e-08,-9.36939637164294e-07,1.371915396160387e-07
389,42317.226410264295,59341.990091239306,6.9848530272016405e-09,-9.346573361314395e-07,1.4465921811916692e-07
390,36906.9802827479,62849.775221994,4.005323833617323e-09,-9.325207777615158e-07,1.512822404974989e-07
391,31207.8869941858,65865.6756467619,2.2814748213465805e-09,-9.305992114340208e-07,1.5664920056518596e-07
392,25264.549676677,68366.0878556104,1.1811821002201466e-09,-9.289504079909909e-07,1.6082668565318836e-07
393,19123.483003005902,70331.4427328209,5.009920499694298e-10,-9.276208642717724e-07,1.6405460191000305e-07
394,12832.749146259599,71746.3587117527,1.8198698101053305e-10,-9.266461764577717e-07,1.663513433504929e-07
395,6441.58162815958,72599.7621564566,6.536953613861635e-11,-9.260514342634184e-07,1.6768444558845563e-07
396,4.462917507459721e-12,72884.9740278908,-1.9424126166302553e-13,-9.258515489957787e-07,1.6811225310242352e-07
397,-6441.58162815957,72599.7621564566,-6.574720754100002e-11,-9.260514666048308e-07,1.676844856478243e-07
398,-12832.749146259599,71746.3587117527,-1.8235835175465868e-10,-9.266462411769713e-07,1.6635140105485404e-07
399,-19123.4830030058,70331.4427328209,-5.013812346286234e-10,-9.276209614346745e-07,1.6405468772741302e-07
400,-25264.549676677,68366.0878556104,-1.181567375248224e-09,-9.289505376793193e-07,1.6082682692708645e-07
401,-31207.8869941857,65865.6756467619,-2.2818231502287424e-09,-9.305993737244437e-07,1.5664935562035248e-07
402,-36906.9802827479,62849.775221994,-4.005714625116535e-09,-9.325209726968462e-07,1.5128237502229798e-07
403,-42317.2264102644,59341.990091239306,-6.9852967651526945e-09,-9.346575636815375e-07,1.4465949673672747e-07
404,-47396.2828653043,55369.7734291768,-1.1505139365204614e-08,-9.369398971701795e-07,1.3719185551702248e-07
405,-52104.3991446679,50964.2132169176,-1.7531541215740344e-08,-9.392874529443724e-07,1.27628808006453e-07
406,-56404.727854969206,46159.7889364019,-3.065997415283798e-08,-9.416094440762564e-07,1.1508076861012931e-07
407,-60263.613093448905,40994.101721704,-4.986687269090655e-08,-9.438071685976938e-07,1.08092923016785e-07
408,-63650.8538510458,35507.5800791764,-5.906492284028944e-08,-9.457783402240225e-07,9.306604024364472e-08
409,-66539.94037624111,29743.1634795728,-4.8536653635978553e-08,-9.474237060525967e-07,7.52691399540993e-08
410,-68908.26164980681,23745.966298470103,-3.546030300967046e-08,-9.486551819681391e-07,7.571374489558497e-08
411,-70737.2823466886,17562.924735110802,-3.0097910005183935e-08,-9.494033167557815e-07,7.849767074616424e-08
412,-72012.68790005549,11242.429473005901,-2.8086499309124318e-08,-9.496216778515871e-07,7.877997762841232e-08
413,-72724.49653219369,4833.94695722554,-2.7459772899057495e-08,-9.492875005468247e-07,7.662280832374121e-08
414,-72867.1373754507,-1612.36774760271,-2.7989113940480073e-08,-9.484000043437702e-07,7.26003936296131e-08
415,-72439.49407182861,-8046.063488676999,-2.8567791467091092e-08,-9.469783219906088e-07,6.774503660264146e-08
416,-71444.9135099985,-14416.7878736962,-3.018411174559657e-08,-9.450601911112803e-07,6.090154875201741e-08
417,-69891.1796313587,-20674.681346600402,-3.0367468257878996e-08,-9.427014532740386e-07,5.216681520635396e-08
418,-67790.4525101399,-26770.7674061985,-2.9185045430827762e-08,-9.399754623800222e-07,5.459835754774574e-08
419,-65159.173184336796,-32657.3359136952,-2.3043286975124527e-08,-9.369709124581268e-07,8.846450176341844e-08
420,-62017.934982294,-38288.3164892146,-2.7937966887622512e-08,-9.337869235037396e-07,1.066907760793111e-07
421,-58391.3223519909,-43619.639074987805,-2.988123055406615e-08,-9.305258336111518e-07,1.1608468481448493e-07
422,-54307.718454402595,-48609.5788433068,-2.945488175098569e-08,-9.272858340611032e-07,1.2153100607289452e-07
423,-49799.0830267824,-53219.0827498741,-2.769041234456715e-08,-9.241555946639553e-07,1.249391163721814e-07
424,-44900.7022543855,-57412.0751768243,-2.5171289303584646e-08,-9.212115945288218e-07,1.271301808975667e-07
425,-39650.912608226005,-61155.740273347496,-2.2220292267607156e-08,-9.18517616968816e-07,1.2853892238045514e-07
426,-34090.800810212895,-64420.778784214504,-1.9019381466853762e-08,-9.161255035389341e-07,1.2942994254366147e-07
427,-28263.882273843697,-67181.6373561751,-1.567361535796022e-08,-9.14076446031001e-07,1.29976971751756e-07
428,-22215.7605370938,-69416.7085275931,-1.2244830685919969e-08,-9.124023820114745e-07,1.3029873011613208e-07
429,-15993.770352899899,-71108.49983613081,-8.769647778604208e-09,-9.111272710627699e-07,1.304772678757914e-07
430,-9646.60723053921,-72243.7707209834,-5.2696845358896336e-09,-9.10268151430168e-07,1.305679407963017e-07
431,-3223.9463272459902,-72813.6361482199,-1.757842404266124e-09,-9.098359391039676e-07,1.3060505791716388e-07
432,7.4232699047607e-11,-78188.1796603896,-1.5482103447141605e-13,-8.601080902602805e-07,1.2311292819774252e-07
433,6910.27949666113,-77882.2154017423,3.90614519595212e-09,-8.60322182031631e-07,1.2309336709334092e-07
434,13766.4766869575,-76966.717210966,7.809818201630532e-09,-8.609619463945793e-07,1.2302693480834684e-07
435,20514.9325318996,-75448.8501026819,1.170581733000412e-08,-8.620198365767362e-07,1.2288967717048383e-07
436,27102.831214605998,-73340.4934450126,1.5583651856956005e-08,-8.634828229616793e-07,1.2263940189841898e-07
437,33478.6134956814,-70658.1479874199,1.942302427274555e-08,-8.653317075379391e-07,1.2221182288103854e-07
438,39592.3802341714,-67422.80671996789,2.318692530099407e-08,-8.675401542280772e-07,1.2151387509243401e-07
439,45396.2829159958,-63659.79057471229,2.6809747836157728e-08,-8.700734421052956e-07,1.2041192732277006e-07
440,50844.8981334473,-59398.5502550754,3.017522108175455e-08,-8.728869848096851e-07,1.1871000331115563e-07
441,55895.5830849439,-54672.435744161594,3.3073486989574064e-08,-8.759247434591654e-07,1.1610578622791224e-07
442,60508.8093127684,-49518.435295921794,3.511457366523121e-08,-8.791178319155843e-07,1.1208400315634981e-07
443,64648.47206684451,-43976.8859519154,3.554356605370991e-08,-8.82383914402868e-07,1.0559049616694935e-07
444,68282.1728733597,-38091.1578492696,3.30343740127119e-08,-8.856283798098352e-07,9.388743736757954e-08
445,71381.4730967492,-31907.3147905527,3.039556751528818e-08,-8.887483887653811e-07,6.927611964497911e-08
446,73922.1165105785,-25473.7537320634,3.387335377862446e-08,-8.916400101150472e-07,4.23842627501947e-08
447,75884.2191354026,-18840.826012029003,3.4114569800508964e-08,-8.942066832675615e-07,5.1808588553470815e-08
448,77252.42485786541,-12060.4432831144,3.153389961818754e-08,-8.963659712297448e-07,6.00617910920452e-08
449,78016.02561310661,-5185.67123335605,2.9571430825524394e-08,-8.980528725112731e-07,6.613819558567538e-08
450,78169.04518988829,1729.68572479622,2.8736290734580476e-08,-8.992204665690536e-07,7.02740237472808e-08
451,77710.2860025505,8631.50554695738,2.8365619560249136e-08,-8.99839819084444e-07,7.322877723028159e-08
452,76643.33846374301,15465.7721351858,2.895551227531003e-08,-8.999006638193761e-07,7.405031659614346e-08
453,74976.5528845778,22178.9980871876,3.120209869218274e-08,-8.994134197212232e-07,7.216294444870627e-08
454,72722.97412212321,28718.6433077601,3.839973584591709e-08,-8.984119175373339e-07,6.805382978859e-08
455,69900.2394857105,35033.5262062738,5.3603830163711716e-08,-8.969548641916463e-07,7.228144689981456e-08
456,66530.4407010748,41074.224262012896,4.703851104042414e-08,-8.951235690837431e-07,8.826373565103329e-08
457,62639.951012647696,46793.4608224103,3.1051868869364425e-08,-8.930151837505683e-07,1.0379783790070308e-07
458,58259.2187771622,52146.475106953294,1.6383123560435903e-08,-8.907336399817506e-07,1.1298544268116728e-07
459,53422.529163977204,57091.3725209804,8.966699346245334e-09,-8.883814768885456e-07,1.2384908562118977e-07
460,48167.735827142,61589.4525376871,4.787963118575381e-09,-8.86054245737072e-07,1.31873865005326e-07
461,42535.9646492295,65605.5115822204,1.8693250280346778e-09,-8.838374288632459e-07,1.387453710378532e-07
462,36571.2918755444,69108.1185473827,2.687285293414214e-10,-8.818051126322956e-07,1.4458890005238627e-07
463,30320.3991577431,72069.8607846615,-5.154885792631181e-10,-8.800196905051414e-07,1.4921843454456158e-07
464,23832.2082066158,74467.5586453717,-8.571514089811307e-10,-8.78532096600059e-07,1.5282175332865235e-07
465,17157.497913369698,76282.4468928342,-8.448302462750181e-10,-8.773822617001394e-07,1.5551758455292498e-07
466,10348.506935956,77500.3215657963,-5.751092643695845e-10,-8.7659961035207e-07,1.5728575443123943e-07
467,3458.52486074422,78111.6511436864,-1.9779738959823482e-10,-8.76203495206059e-07,1.5814026275089781e-07
468,-3458.52486074423,78111.6511436864,1.9745300992045058e-10,-8.762035109226526e-07,1.5814028325837777e-07
469,-10348.506935956,77500.3215657963,5.747753939760633e-10,-8.765996575270544e-07,1.572858029211015e-07
470,-17157.497913369698,76282.4468928342,8.444905426557166e-10,-8.773823404060947e-07,1.5551765276150905e-07
471,-23832.2082066158,74467.5586453717,8.568015753752368e-10,-8.785322069478888e-07,1.528218630779969e-07
472,-30320.3991577431,72069.8607846615,5.151610364832614e-10,-8.800198326291312e-07,1.492185833156027e-07
473,-36571.2918755444,69108.1185473827,-2.69049488816986e-10,-8.818052866693588e-07,1.4458903957808027e-07
474,-42535.9646492295,65605.5115822204,-1.869708716948828e-09,-8.838376349259877e-07,1.3874555460856875e-07
475,-48167.735827142,61589.4525376871,-4.788254053416051e-09,-8.860544838785787e-07,1.3187418448298876e-07
476,-53422.529163977204,57091.3725209804,-8.966858812431603e-09,-8.883817470516428e-07,1.2384913266427975e-07
477,-58259.2187771622,52146.475106953294,-1.638413997208401e-08,-8.907339419112829e-07,1.1298579454450742e-07
478,-62639.951012647696,46793.4608224103,-3.1050625175759265e-08,-8.930155168106232e-07,1.0379966463483265e-07
479,-66530.4407010748,41074.224262012896,-4.7042502507743345e-08,-8.951239318400644e-07,8.826121638559087e-08
480,-69900.2394857105,35033.5262062738,-5.3604646814905824e-08,-8.969552535010171e-07,7.228169823313542e-08
481,-72722.97412212321,28718.6433077601,-3.840162992136112e-08,-8.984123269089384e-07,6.805681071474703e-08
482,-74976.5528845778,22178.9980871876,-3.1204512794382025e-08,-8.994138372400513e-07,7.216392546166934e-08
483,-76643.33846374301,15465.7721351858,-2.8956946910305556e-08,-8.99901070821282e-07,7.404940273599918e-08
484,-77710.2860025505,8631.50554695739,-2.8365651690841755e-08,-8.998401909781655e-07,7.322676116909614e-08
485,-78169.04518988829,1729.68572479621,-2.8734907758536595e-08,-8.992207761886354e-07,7.027187593785922e-08
486,-78016.02561310661,-5185.67123335607,-2.956791522232339e-08,-8.980530951402081e-07,6.613496442622943e-08
487,-77252.42485786541,-12060.4432831144,-3.1528964497064926e-08,-8.963660898494861e-07,6.006058146498354e-08
488,-75884.2191354027,-18840.826012029003,-3.410917562266911e-08,-8.942066925084992e-07,5.180827184986865e-08
489,-73922.1165105785,-25473.7537320635,-3.3870569184850387e-08,-8.916399175176765e-07,4.238198774947555e-08
490,-71381.4730967492,-31907.3147905527,-3.039680239733977e-08,-8.887482125451231e-07,6.927758151215667e-08
491,-68282.1728733597,-38091.1578492696,-3.3035825726239696e-08,-8.856281438239823e-07,9.388937420622938e-08
492,-64648.47206684451,-43976.8859519154,-3.5544607858254654e-08,-8.82383642692036e-07,1.0559133407174833e-07
493,-60508.8093127684,-49518.435295921794,-3.5115328717672824e-08,-8.791175451375325e-07,1.1208447146350939e-07
494,-55895.5830849439,-54672.4357441617,-3.307406569822851e-08,-8.759244577307558e-07,1.1610609304596745e-07
495,-50844.8981334473,-59398.5502550754,-3.01756966722508e-08,-8.728867120605567e-07,1.187102242154999e-07
496,-45396.2829159958,-63659.79057471229,-2.681016080972796e-08,-8.700731909489021e-07,1.2041209595836718e-07
497,-39592.3802341714,-67422.80671996789,-2.3187298798080594e-08,-8.675399308205385e-07,1.2151400727484486e-07
498,-33478.6134956814,-70658.1479874199,-1.9423372415222913e-08,-8.653315162581859e-07,1.2221192669915649e-07
499,-27102.831214605998,-73340.4934450126,-1.5583983538107644e-08,-8.634826669049434e-07,1.2263948180601587e-07
500,-20514.9325318996,-75448.8501026819,-1.1706138352464589e-08,-8.620197178979769e-07,1.228897356418043e-07
501,-13766.4766869576,-76966.717210966,-7.810132596150885e-09,-8.609618665407307e-07,1.230269731954571e-07
502,-6910.2794966611,-77882.2154017423,-3.9064559808878465e-09,-8.603221418927846e-07,1.2309338612215568e-07
503,3704.83831922218,-83674.70236214131,2.1012373481512646e-09,-8.130166451201303e-07,1.157051272336156e-07
504,11085.519574613001,-83019.83436580311,6.304638574279062e-09,-8.134377380093595e-07,1.1565972368667326e-07
505,18379.4416090296,-81715.2236031009,1.0509006387234345e-08,-8.142752760525821e-07,1.1555384785213809e-07
506,25529.5195930876,-79771.0804221095,1.471144123312926e-08,-8.1551973125904e-07,1.1535611731609723e-07
507,32479.7944721277,-77202.62037918699,1.8902781189424625e-08,-8.171561241004259e-07,1.150161871192415e-07
508,39175.870921690504,-74029.9451566159,2.306293273466975e-08,-8.191631795801411e-07,1.1446008896939024e-07
509,45565.3430646822,-70277.88523968491,2.7153067237112762e-08,-8.215121794137205e-07,1.1358225002925458e-07
510,51598.2046184173,-65975.80558447499,3.110145692242024e-08,-8.241655145331897e-07,1.1223142538545906e-07
511,57227.2402615819,-61157.375797263296,3.4776057366076564e-08,-8.270749900962651e-07,1.1018436056150407e-07
512,62408.3951581395,-55860.306624203295,3.7928723454008954e-08,-8.301800510751566e-07,1.070893851151425e-07
513,67101.11974615531,-50126.054813605995,4.0071289230770253e-08,-8.334063420686034e-07,1.023146230774915e-07
514,71268.6870930968,-43999.4986606753,4.01871461195739e-08,-8.366654469501104e-07,9.443367920856323e-08
515,74878.48033387751,-37528.5867739997,3.702028465415212e-08,-8.39857138658853e-07,7.902941295319049e-08
516,77902.2479420499,-30763.962812679,3.986800443255795e-08,-8.428753096807687e-07,4.291252572173178e-08
517,80316.32483630421,-23758.5691310267,3.842351757724488e-08,-8.456169562136775e-07,4.2741370094537365e-08
518,82101.81759181649,-16567.232432865603,3.4919739224019175e-08,-8.479909742600634e-07,5.1972605329530037e-08
519,83244.75230691451,-9246.234678233399,3.1343288682785646e-08,-8.49923375573917e-07,5.878262430898144e-08
520,83736.1839678042,-1852.87260073568,3.0138459586958885e-08,-8.513585387309012e-07,6.397400185800425e-08
521,83572.2664554316,5554.9907170803,2.9053702332505762e-08,-8.522586186633479e-07,6.743321208730543e-08
522,82754.2826465786,12919.3787008003,2.8725648386331918e-08,-8.526033296384437e-07,6.923545466729354e-08
523,81288.63437361279,20182.6550294456,2.9298200778394853e-08,-8.523913109253979e-07,6.870750537720897e-08
524,79186.79232146959,27287.974717830402,3.212821351769159e-08,-8.516431406903448e-07,6.511016732042961e-08
525,76465.2062539898,34179.7290056446,4.210084022925855e-08,-8.504045637021133e-07,6.127016683930652e-08
526,73145.1762722142,40803.9805714004,5.0980155085732304e-08,-8.487469608417286e-07,7.390879504752362e-08
527,69252.6861122132,47108.8856651033,2.8014470104925114e-08,-8.467625114227764e-07,9.167192639358139e-08
528,64818.199787122096,53045.099855889,1.6857094813680813e-08,-8.445549291555812e-07,9.98390517468909e-08
529,59876.4231649333,58566.1642190979,7.26252967257081e-09,-8.422296487665907e-07,1.1021775331801127e-07
530,54466.032348024004,63628.8689403521,2.8539359933861617e-09,-8.398865746388386e-07,1.1922116375033883e-07
531,48629.3709802155,68193.5914909391,5.6750181513913904e-11,-8.376159657540034e-07,1.263917992563689e-07
532,42412.1188503487,72224.606727821,-1.549791914335369e-09,-8.35496626151976e-07,1.326036680963368e-07
533,35862.934386002,75690.3664913166,-2.177796189961098e-09,-8.335954484069101e-07,1.3769118037692096e-07
534,29033.0738353213,78563.7465122259,-2.267861692305314e-09,-8.319676480272997e-07,1.4168477753131457e-07
535,21975.990117382702,80822.2586960127,-2.0072524818338255e-09,-8.306572928225266e-07,1.4475047875880688e-07
536,14746.9144806271,82448.22712263481,-1.4643468773724302e-09,-8.296979021588746e-07,1.4692436961139133e-07
537,7402.424243454951,83428.9263845845,-7.574028672163579e-10,-8.291129912644664e-07,1.4819755165384252e-07
538,5.12861757574252e-12,83756.6811804558,-1.5489085193952532e-13,-8.28916492979535e-07,1.486109971864718e-07
539,-7402.42424345494,83428.9263845845,7.570995563132229e-10,-8.291130217356011e-07,1.481975863169268e-07
540,-14746.9144806271,82448.22712263481,1.4640471206635503e-09,-8.296979631615132e-07,1.469244257163131e-07
541,-21975.990117382702,80822.2586960127,2.006942755021814e-09,-8.306573844720156e-07,1.447505632392855e-07
542,-29033.0738353212,78563.7465122259,2.267556644662627e-09,-8.319677704833983e-07,1.4168490472019295e-07
543,-35862.934386002,75690.3664913166,2.1775118489754822e-09,-8.33595601858493e-07,1.3769132293725587e-07
544,-42412.1188503487,72224.606727821,1.5494795227125054e-09,-8.354968107975983e-07,1.3260381432747443e-07
545,-48629.3709802155,68193.5914909391,-5.70743624746407e-11,-8.37616181778632e-07,1.263920428461914e-07
546,-54466.032348024004,63628.8689403521,-2.8540997792905513e-09,-8.398868221852209e-07,1.1922139110440578e-07
547,-59876.4231649333,58566.1642190979,-7.262994491563589e-09,-8.422299278931898e-07,1.102177547373466e-07
548,-64818.199787122096,53045.099855889,-1.6857419906118886e-08,-8.445552397526987e-07,9.984028070301831e-08
549,-69252.6861122132,47108.8856651033,-2.8011703702582894e-08,-8.467628530002911e-07,9.166965357770905e-08
550,-73145.1762722142,40803.9805714004,-5.0981877914886186e-08,-8.487473319667244e-07,7.39080583757676e-08
551,-76465.2062539898,34179.7290056446,-4.2101087844996394e-08,-8.504049606994065e-07,6.127273191966693e-08
552,-79186.79232146959,27287.974717830402,-3.213049652873246e-08,-8.516435554093072e-07,6.511138833796712e-08
553,-81288.63437361279,20182.6550294456,-2.9300139123220883e-08,-8.523917283710023e-07,6.8706468732005e-08
554,-82754.2826465786,12919.3787008003,-2.8726436037415267e-08,-8.526037272652728e-07,6.923301096778392e-08
555,-83572.2664554316,5554.99071708033,-2.905319043122723e-08,-8.522589685949733e-07,6.743024111992115e-08
556,-83736.1839678042,-1852.87260073567,-3.013613098297862e-08,-8.513588125315384e-07,6.397148790090004e-08
557,-83244.75230691451,-9246.23467823341,-3.134189647519468e-08,-8.499235501215402e-07,5.878215585851646e-08
558,-82101.81759181649,-16567.232432865603,-3.491550802810991e-08,-8.479910370627352e-07,5.1972237291336264e-08
559,-80316.32483630421,-23758.5691310267,-3.8419854267784214e-08,-8.456169085611191e-07,4.2741640530245356e-08
560,-77902.2479420499,-30763.962812679,-3.98621849577321e-08,-8.42875166207553e-07,4.291423228206621e-08
561,-74878.48033387751,-37528.5867739997,-3.702181141986007e-08,-8.398569229569429e-07,7.903172238122195e-08
562,-71268.6870930968,-43999.4986606753,-4.018828588858098e-08,-8.366651851270217e-07,9.443466965756814e-08
563,-67101.11974615531,-50126.054813605995,-4.0072064798150355e-08,-8.33406057523643e-07,1.0231510445289487e-07
564,-62408.395158139596,-55860.306624203295,-3.792929106082991e-08,-8.301797622462354e-07,1.0708968395208588e-07
565,-57227.2402615819,-61157.375797263296,-3.477650771563452e-08,-8.270747105203568e-07,1.1018457129624867e-07
566,-51598.2046184173,-65975.80558447499,-3.110183950008243e-08,-8.241652538324188e-07,1.1223158562624474e-07
567,-45565.3430646822,-70277.88523968491,-2.715340861273114e-08,-8.215119443504178e-07,1.1358237667704372e-07
568,-39175.8709216906,-74029.9451566158,-2.3063248256107263e-08,-8.1916297489522e-07,1.1446019006697255e-07
569,-32479.7944721277,-77202.62037918689,-1.890308022033541e-08,-8.171559531127239e-07,1.1501626684539558e-07
570,-25529.5195930876,-79771.0804221095,-1.4711729666492954e-08,-8.155195962756331e-07,1.153561779315606e-07
571,-18379.4416090296,-81715.2236031009,-1.0509288116158658e-08,-8.142751786434912e-07,1.1555389055548899e-07
572,-11085.5195746131,-83019.83436580311,-6.304916359661223e-09,-8.134376791871748e-07,1.1565974910182992e-07
573,-3704.83831922219,-83674.70236214131,-2.10151331297484e-09,-8.130166254518868e-07,1.1570513567266406e-07
574,8.5076155805766e-11,-89609.4287328889,-1.22864495123979e-13,-7.682612735057019e-07,1.0849812655721409e-07
575,7919.69068432093,-89258.7710944946,4.418640882890286e-09,-7.684681339825669e-07,1.0847416791757648e-07
576,15777.3990511234,-88209.5425507711,8.841294276650674e-09,-7.690865487984344e-07,1.0839511420997525e-07
577,23511.6278785627,-86469.95473766999,1.3270014822852918e-08,-7.701099984655066e-07,1.0823881934491884e-07
578,31061.8463396089,-84053.62228844881,1.770310255389172e-08,-7.715271627468201e-07,1.0796639982051991e-07
579,38368.9637378399,-80979.4562807075,2.2131797620948764e-08,-7.73321222221517e-07,1.075189138965224e-07
580,45375.791972258594,-77271.5162315649,2.6535132098279735e-08,-7.754688506701015e-07,1.0681172482550977e-07
581,52027.4931117218,-72958.82179931659,3.08708624629172e-08,-7.779388796438948e-07,1.057248991654272e-07
582,58272.0085761035,-68075.12566526199,3.505825258185792e-08,-7.806906372028998e-07,1.0408622280191833e-07
583,64060.466565268,-62658.64937321,3.894343948330407e-08,-7.836720278340139e-07,1.016384074410685e-07
584,69347.5645471686,-56751.784194076004,4.222403581318029e-08,-7.868175849463299e-07,9.796290417088091e-08
585,74091.9238115845,-50400.7593567106,4.426090694508972e-08,-7.900470872240163e-07,9.22532619796142e-08
586,78256.4133146317,-43655.28024150369,4.3678817676044644e-08,-7.932659484367907e-07,8.240761120268643e-08
587,81808.4402795253,-36568.1393683906,4.083510024842037e-08,-7.963691153988103e-07,5.975731045081448e-08
588,84720.2052792488,-29194.803223803898,4.362264156290292e-08,-7.992493551439544e-07,3.4331357320281755e-08
589,86968.91980476261,-21592.9781602139,3.8700217090512533e-08,-8.018076763538843e-07,4.402535750908209e-08
590,88536.98461598449,-13822.1587656783,3.4313217950898884e-08,-8.039611624149321e-07,5.158753302075013e-08
591,89412.127479706,-5943.16223802589,3.131703183220187e-08,-8.056457030871227e-07,5.751451014959966e-08
592,89587.4992164559,1982.3475921763102,2.997824475826495e-08,-8.068152839202055e-07,6.154031846060828e-08
593,89061.72730461639,9892.342864703529,2.8970396766762915e-08,-8.074407983091181e-07,6.408230456165808e-08
594,87838.92662226541,17724.9171417802,2.862546304897393e-08,-8.075103276801528e-07,6.474140546216163e-08
595,85928.66724267679,25418.7699098917,2.9240263852669366e-08,-8.070316316338695e-07,6.278535230275521e-08
596,83345.8995355214,32913.6863394163,3.3448917067821174e-08,-8.060362752130194e-07,5.761670206237621e-08
597,80110.83715995331,40151.0085473097,4.5787353191812545e-08,-8.045828139147129e-07,5.7556983610849994e-08
598,76248.79886532131,47074.094674571,3.202788999859324e-08,-8.027550910071583e-07,7.139646306182207e-08
599,71790.0103376258,53628.7621855873,1.6885307284975034e-08,-8.00654097413191e-07,8.832369371562348e-08
600,66769.36764254491,59763.7119199383,6.881448028704026e-09,-7.983868306510314e-07,9.691986179955447e-08
601,61226.1641164066,65430.92957788041,1.3046629819185922e-09,-7.960569872811361e-07,1.0662946057392027e-07
602,55203.782842556,70586.0614973424,-1.4678610959530562e-09,-7.937593899128761e-07,1.1434072777565066e-07
603,48749.3571199074,75188.7617814685,-3.1084400702817255e-09,-7.915774603528939e-07,1.2084594352328266e-07
604,41913.4015809743,79203.0080599637,-3.7247947768162274e-09,-7.895825009124365e-07,1.2634724359378994e-07
605,34749.4168463799,82597.3834129824,-3.6661314198387293e-09,-7.878338889681394e-07,1.30746201482754e-07
606,27313.4708099619,85345.3222511231,-3.2240549985778257e-09,-7.863796651124814e-07,1.3416954380200902e-07
607,19663.7598314836,87425.31822718421,-2.4931840429578077e-09,-7.852572309369109e-07,1.3671629855602473e-07
608,11860.153271213,88821.0925524902,-1.5557242367646255e-09,-7.844940045200858e-07,1.383894922604835e-07
609,3963.72493100499,89521.72140048479,-5.25054452600925e-10,-7.841079539911589e-07,1.39205197562136e-07
610,-3963.7249310049997,89521.72140048479,5.247794093880134e-10,-7.841079687145445e-07,1.392052150905455e-07
611,-11860.153271213,88821.0925524902,1.5554557506527305e-09,-7.844940487249753e-07,1.3838953664135074e-07
612,-19663.7598314836,87425.31822718421,2.492911975068109e-09,-7.852573047250649e-07,1.3671636500528002e-07
613,-27313.470809962,85345.3222511231,3.2237779377970143e-09,-7.863797686455281e-07,1.3416964572775964e-07
614,-34749.4168463799,82597.3834129824,3.6658693037171223e-09,-7.878340224561859e-07,1.3074633488046472e-07
615,-41913.4015809743,79203.0080599637,3.7245342154090446e-09,-7.895826645993593e-07,1.2634738008541262e-07
616,-48749.3571199075,75188.7617814685,3.108145655361187e-09,-7.915776544996535e-07,1.2084612207899365e-07
617,-55203.782842556,70586.0614973424,1.4676372089076825e-09,-7.937596147801869e-07,1.1434098171863473e-07
618,-61226.1641164066,65430.92957788041,-1.304859409042511e-09,-7.960572431109322e-07,1.066295479184772e-07
619,-66769.36764254491,59763.7119199383,-6.882053291978556e-09,-7.983871176378002e-07,9.6920297646708e-08
620,-71790.0103376258,53628.7621855873,-1.688419191651556e-08,-8.00654415625929e-07,8.832433923604622e-08
621,-76248.79886532131,47074.094674571,-3.203194148589161e-08,-8.027554401256235e-07,7.139722997284082e-08
622,-80110.83715995331,40151.0085473097,-4.5785656542357367e-08,-8.045831924191245e-07,5.755749350170257e-08
623,-83345.8995355214,32913.6863394163,-3.345045667893431e-08,-8.060366784876318e-07,5.761850830210533e-08
624,-85928.66724267679,25418.7699098917,-2.924244759239719e-08,-8.070320490569632e-07,6.278457985360128e-08
625,-87838.92662226541,17724.9171417802,-2.862682277611589e-08,-8.075107403504338e-07,6.47388360325517e-08
626,-89061.72730461639,9892.34286470354,-2.8970596518702584e-08,-8.074411795999029e-07,6.407887795760388e-08
627,-89587.4992164559,1982.3475921763002,-2.9977163889636746e-08,-8.068156034020093e-07,6.153696455587102e-08
628,-89412.127479706,-5943.1622380259105,-3.1314765565172603e-08,-8.056459325493371e-07,5.751112827195571e-08
629,-88536.98461598449,-13822.1587656783,-3.4309116136945174e-08,-8.039612821851284e-07,5.158669596317321e-08
630,-86968.91980476261,-21592.9781602139,-3.8696680738672713e-08,-8.018076802034731e-07,4.402579925584704e-08
631,-84720.2052792488,-29194.803223803898,-4.3621313105461526e-08,-7.99249252066439e-07,3.433499408016241e-08
632,-81808.4402795253,-36568.1393683906,-4.083423472476467e-08,-7.963689268898191e-07,5.975973090157803e-08
633,-78256.4133146317,-43655.28024150369,-4.368013388015641e-08,-7.932657018848279e-07,8.240886360130022e-08
634,-74091.9238115845,-50400.7593567106,-4.4261727074225026e-08,-7.900468089005639e-07,9.225378367913555e-08
635,-69347.5645471686,-56751.784194076004,-4.2224602221204356e-08,-7.868172960522432e-07,9.796319910871833e-08
636,-64060.466565268,-62658.64937321,-3.8943870306038026e-08,-7.836717438904642e-07,1.0163860935288053e-07
637,-58272.0085761035,-68075.12566526199,-3.505860864471835e-08,-7.806903690752687e-07,1.0408637514316885e-07
638,-52027.4931117218,-72958.82179931659,-3.087117508765125e-08,-7.779386348279801e-07,1.0572502026780826e-07
639,-45375.791972258594,-77271.5162315649,-2.653541826951032e-08,-7.754686343315349e-07,1.0681182291302537e-07
640,-38368.9637378399,-80979.4562807075,-2.213206728059674e-08,-7.733210379286831e-07,1.0751899291166799e-07
641,-31061.8463396089,-84053.62228844881,-1.770336176882174e-08,-7.715270129630627e-07,1.0796646179011741e-07
642,-23511.6278785627,-86469.95473766999,-1.3270267429864767e-08,-7.701098848736326e-07,1.082388653015272e-07
643,-15777.3990511234,-88209.5425507711,-8.84154285173799e-09,-7.690864725118421e-07,1.0839514465378155e-07
644,-7919.6906843209,-89258.7710944946,-4.418887292370377e-09,-7.684680956789508e-07,1.0847418308788663e-07
